# File generated by ImageToStl.com - Free Image and 3D model conversion tools

o obj1
v -93.03905487 -16.41543579 264.82049561
v -85.51693726 -9.97447205 275.99505615
v -85.68863678 -3.88825774 285.89276123
v 67.16323853 -82.04234314 273.72647095
v 50.59991074 -78.74173737 253.75622559
v 72.4317627 -81.03553009 261.60290527
v -33.15554047 41.35544205 104.86252594
v -38.93193054 33.20946121 109.38816071
v -24.7887516 42.99492264 119.42153931
v -5.85201788 -54.09646225 345.28106689
v -20.37747383 -51.64989471 340.20617676
v -19.23243523 -61.17750549 323.08389282
v 40.25212479 -15.42616367 138.47525024
v 37.50892639 -11.37140942 121.83724976
v 44.8704567 -4.01011324 147.84616089
v 68.30931091 28.36413765 191.64274597
v 74.7576828 14.44984531 191.88249207
v 64.93460083 13.54541111 183.49406433
v 44.22104645 24.3674984 154.00724792
v 43.62428665 11.82280922 145.68109131
v 36.4450264 23.55271339 131.12068176
v -34.65256119 -39.1045723 106.78099823
v -21.43126869 -49.30693817 101.40322113
v -24.55723953 -45.03190994 114.67173767
v -96.49460602 -12.12028503 234.5867157
v -89.8493042 -24.92572784 225.22738647
v -88.42118073 -23.19713211 229.18258667
v -40.06334686 -31.97845268 108.92404938
v -55.03023148 -27.86578178 96.23693085
v -43.52322388 -44.60084534 90.7219162
v -60.29597855 22.67380333 287.46408081
v -57.24240875 15.58675575 290.4387207
v -55.69573975 22.98073769 288.94158936
v 69.86755371 -39.0748558 196.81155396
v 58.22689056 -42.52825928 190.68933105
v 69.9707489 -23.18549728 189.81661987
v 54.67123032 -56.54653168 204.60771179
v 72.18746948 -59.7985878 216.94847107
v 42.87449265 -65.19473267 208.53842163
v 33.76658249 -20.7724762 369.54400635
v 27.81066895 -36.4500618 362.84954834
v 69.13266754 -27.4269371 359.89898682
v 131.57554626 -33.77379227 259.5022583
v 128.24243164 -47.08377075 272.49935913
v 119.98751831 -46.84158325 248.52304077
v 51.79254913 84.14361572 227.22537231
v 48.30800629 77.29690552 232.42506409
v 40.13573074 73.93260956 222.48709106
v 111.84773254 -59.58956909 256.96923828
v 118.70381165 -58.73951721 272.15722656
v 103.23416138 -69.31752014 266.03796387
v 48.79094315 56.12231827 201.37582397
v 66.56057739 42.74197769 199.19778442
v 49.41477203 49.78008652 192.70748901
v 134.80136108 -33.92954636 278.71258545
v 126.8516922 -48.05984879 291.5378418
v 118.33999634 50.78106308 245.75460815
v 127.49786377 46.12936783 258.30639648
v 125.27947998 27.81428146 238.23936462
v 88.26932526 64.26850128 326.86938477
v 105.74385834 56.41379929 322.91113281
v 102.54563141 70.73553467 308.79797363
v 35.49581909 -67.63507843 213.9278717
v 6.56844234 -61.54960251 203.98544312
v 18.25017548 -62.14139938 188.71080017
v 105.16411591 -13.2723875 212.18180847
v 102.08836365 -31.56949615 214.6890564
v -10.9963522 -42.44778824 354.28869629
v -50.45015335 12.22161865 167.44880676
v -43.58647919 16.85230064 158.67074585
v -50.42807007 3.30925512 164.15557861
v -57.77590179 46.26462555 286.96856689
v -55.56680679 48.30162811 279.09246826
v -61.73944092 32.66901398 280.82678223
v 51.55751419 68.85564423 328.54785156
v 15.10869694 57.52206421 345.7293396
v 62.31289291 63.50481796 334.25878906
v -57.90175629 -15.86910439 176.95141602
v -61.13276291 -6.53705692 175.65420532
v -48.41386414 -9.46209049 163.55558777
v 21.72994232 -10.78887272 372.03045654
v 42.56308365 -3.42015934 371.98449707
v 111.33591461 65.23344421 256.58755493
v 119.70968628 65.70555878 283.39245605
v 124.92752838 57.89334869 274.07983398
v -59.63114166 -33.61828613 186.729599
v -48.08490372 -37.52526093 183.38642883
v 16.51071167 75.11483765 249.36154175
v 26.35823059 74.89178467 264.24639893
v 29.54409027 77.4670105 256.63024902
v 87.07359314 52.31513214 337.22015381
v 64.7890625 53.67717361 342.90100098
v 70.08460999 37.31693649 352.78747559
v 6.96994543 -40.61010742 359.58837891
v -55.65899658 68.64144897 80.34204102
v -34.96556091 68.68122864 88.12301636
v -39.58113861 100.67979431 77.5574646
v 126.7811203 -32.49236298 246.40356445
v 59.66983414 37.74013519 189.38806152
v 59.89869308 22.34031487 179.32350159
v 45.69796371 86.46461487 255.84114075
v 45.73901749 87.97762299 248.46815491
v 36.77609634 82.58013153 251.81387329
v -36.90447235 -27.10947227 124.53533173
v -42.23631287 -13.43426895 116.99467468
v 78.67125702 -81.64594269 276.59155273
v 3.58848763 -15.57766342 368.34844971
v -11.55185509 -24.13531494 362.28115845
v 10.2317543 -26.67372704 366.33392334
v 134.40898132 12.00759792 250.43463135
v 126.9547348 10.38599682 236.08026123
v 37.86032104 9.53501511 53.99816895
v 37.81430817 13.40170479 71.06770325
v 38.69992065 0.43218851 63.8550415
v 52.83359146 -85.30450439 229.42701721
v 53.44570541 -92.5291214 238.40263367
v 49.11647415 -87.88276672 226.08738708
v -53.7103157 -51.07065582 309.82501221
v -49.43579102 -35.66912079 325.5078125
v -61.38618469 -34.579216 313.85638428
v 32.47542953 -38.16399765 146.46107483
v 25.56061554 -44.58203506 148.47827148
v 13.26214314 -46.2698555 136.18338013
v 67.69488525 84.91741943 282.41009521
v 75.3092804 84.27318573 267.92080688
v 48.97472382 80.58638763 276.40206909
v 29.03663063 -42.8429718 71.38415527
v 27.46733093 -36.40746307 89.27024841
v 20.35086632 -44.56656647 91.31287384
v 101.41426849 -58.32513428 238.86993408
v 116.21186066 -41.37302017 236.11898804
v -33.03789139 -35.24977493 165.76402283
v -24.77484131 -39.96822357 149.22009277
v -18.02024269 -44.39855576 158.3518219
v -40.75769806 59.95691681 283.85928345
v -64.64212799 53.83063889 264.55877686
v -44.13328171 25.94508362 110.5641098
v -54.78766632 26.00572205 100.6765213
v 5.95831251 62.37168884 201.99353027
v 26.00662613 66.91256714 210.42202759
v 18.77816963 61.34887314 189.26834106
v 91.97789001 73.05276489 248.7787323
v 100.0450058 75.57170868 264.13708496
v 35.27183914 36.31084824 360.93148804
v 17.9519043 26.84434509 366.33905029
v 41.88441467 17.60711479 368.26550293
v -81.76678467 5.28651237 285.9987793
v -104.352211 1.62023044 276.69534302
v 27.18605232 51.74671173 351.06292725
v 9.91318035 49.21577454 353.41033936
v 22.84747887 39.57427597 360.27301025
v 123.81394196 55.50267029 301.04125977
v 131.16885376 35.81507492 305.63970947
v 132.99906921 40.91119766 293.54238892
v 99.30715179 -57.57386398 321.58929443
v 114.65922546 -59.29677963 298.40231323
v 104.5190506 -44.69919205 330.04992676
v 1.32698071 -49.00567245 145.94668579
v -6.42079735 -48.59412384 127.0280304
v 0.76542121 -49.26720428 119.94867706
v 56.60408783 87.06572723 246.79814148
v 51.97728348 90.53691101 231.92570496
v 67.33003235 -14.27425861 364.97601318
v 13.87699223 -49.7853775 151.42550659
v 26.10828018 -56.86845016 178.00628662
v 7.11612368 -53.01027298 163.40777588
v 137.69042969 16.43995476 300.78140259
v 139.49330139 -16.05626678 286.36773682
v 140.09259033 11.09314156 288.47058105
v -23.92539787 41.04815292 161.65496826
v -27.33439064 37.51539612 146.11569214
v -32.41817093 34.33623505 163.51060486
v 8.25768948 -48.21447754 110.38695526
v 22.2954998 -39.99941635 106.97689056
v 19.55905151 -41.79441452 123.45469666
v -102.12792206 -5.67460871 277.03845215
v -105.85246277 -6.73556614 271.07012939
v 3.67219853 -71.60861206 260.59341431
v 2.78640985 -72.26979828 242.07319641
v 17.7539959 -75.30871582 255.04734802
v 120.94991302 25.19231606 230.83966064
v 104.68004608 7.87989473 211.32354736
v 9.9266634 -38.65647125 1.526E-05
v -93.34030151 -67.97276306 68.54069519
v -111.41832733 -38.65646744 53.00976562
v 45.24879456 -57.96496201 1.526E-05
v 44.94532776 -67.97277069 8.13041687
v -66.55889893 5.54038811 298.70040894
v -66.42336273 12.13836956 309.02478027
v 7.76986074 53.71717453 167.98851013
v -4.93815756 55.48004913 189.39523315
v -74.34967041 39.67044449 266.2442627
v -67.65834045 44.43584442 271.2456665
v -74.84347534 -46.50268936 88.41555786
v -68.15590668 -23.73220444 91.02783203
v -73.51185608 -17.20526695 91.40154266
v -63.85526276 -32.71897125 90.52120972
v 65.63751984 -75.92201996 307.77618408
v 41.78101349 -67.97528839 328.13174438
v 35.50197983 -72.85324097 314.07382202
v 41.43252945 46.3094902 43.22932434
v 42.83549118 8.39167595 47.10934448
v 37.39037323 28.80812073 51.73510742
v 12.78748226 -61.81070328 75.38304138
v 13.22040081 -75.73267365 65.08868408
v 24.10601425 -67.23273468 60.67770386
v 76.09450531 79.18470764 249.82507324
v 61.71901321 72.82989502 230.74925232
v 51.02776718 76.54525757 238.11044312
v 73.31660461 83.04338074 295.56509399
v 89.83486176 78.04743958 305.84686279
v 85.35888672 83.13181305 288.5579834
v 125.06809998 -14.21869659 234.06365967
v -64.36743927 -55.21463013 265.29251099
v -44.55569077 -58.02065277 283.86169434
v -66.57589722 -46.66744995 271.55963135
v -94.87251282 -22.06786728 215.12792969
v -104.25967407 -16.56936836 206.66323853
v -85.54388428 -31.19701958 209.85083008
v 55.98727417 -80.53700256 283.4045105
v 71.263237 -81.20212555 288.78295898
v 90.37856293 -54.58870316 223.77770996
v 77.7243042 -70.19850922 234.99583435
v 26.76120377 43.47974014 146.81510925
v 29.70733261 57.95084 185.29450989
v 18.36371231 76.43578339 235.72163391
v 19.45105553 70.69812775 230.39015198
v 6.16922426 70.51176453 227.38699341
v -99.36689758 10.13993168 219.64364624
v -94.60813904 20.79865837 211.80580139
v -107.3214798 6.03619623 211.03157043
v -110.08346558 -0.55086446 56.06541443
v -111.91001129 37.33419418 51.88424683
v -43.82104492 48.13481903 319.26043701
v -32.52183914 45.94617081 334.00891113
v -28.38420868 57.75758743 318.60638428
v -91.81446838 -15.12917519 259.22293091
v -90.66455078 -7.82517958 262.19961548
v -94.4673996 -4.8491621 254.89108276
v -89.383255 28.15561295 234.99508667
v -92.66311646 17.791996 244.09547424
v -85.74201965 29.29833031 246.25865173
v -24.99195862 -67.38931274 241.95042419
v -28.1863842 -62.94625854 208.69018555
v -12.85809326 -66.75372314 222.87597656
v 2.72230649 48.7524147 141.57992554
v 22.5541935 42.71496201 136.28656006
v 10.36416054 46.49999237 114.00000763
v 44.26585388 68.62825775 218.90164185
v 30.65831947 -34.31852722 134.03231812
v 40.67529678 -24.53022003 146.65840149
v -85.46822357 -17.17296982 266.11587524
v -86.34428406 -16.88766289 255.24934387
v 62.21513748 -14.41355228 179.53500366
v 56.46163177 -29.78120422 177.37026978
v 53.71273804 -18.91744804 167.86361694
v -81.71074677 -39.73236847 236.99902344
v -60.21881485 -39.61155319 280.64266968
v -24.97141647 -43.19025421 131.83213806
v -44.83573151 47.56501389 89.70321655
v -63.76364517 46.51337051 87.65968323
v -60.94831848 29.30710411 94.67093658
v -18.36707687 -60.48876953 83.34188843
v -17.04755211 62.74559784 200.44873047
v -46.52515411 55.57096863 204.01528931
v -21.14430809 65.39533997 216.23855591
v 140.06291199 4.94566488 271.2166748
v 135.865448 32.47842026 268.82354736
v 29.83361435 75.62864685 243.72088623
v 35.75680161 76.03787231 230.70462036
v 29.49933624 71.04208374 231.16453552
v -103.19288635 -1.33345687 226.67895508
v -98.23007965 13.01466846 224.57278442
v -99.20235443 -8.24051666 221.70623779
v -30.06896591 -42.01594925 175.93611145
v -19.41782951 -49.25632095 179.90951538
v -50.35951614 -46.28412628 191.04301453
v 38.88469696 36.52006149 155.80831909
v -43.3678894 -17.08299255 343.95947266
v -51.9254303 3.92650056 336.31439209
v -62.37411118 -8.98844814 321.7963562
v -63.86301804 55.50098419 254.14533997
v -45.76533127 63.43610001 270.21514893
v -50.86691284 62.63806152 257.94317627
v -69.80044556 -23.97246933 279.10522461
v -81.05638885 -20.29444885 270.07818604
v -67.63102722 -7.30765676 295.91772461
v -59.09045029 -15.42652607 286.73208618
v -59.94969559 -24.06654549 299.42379761
v -53.60745621 46.25833511 288.76708984
v -60.1217308 33.66810989 289.48599243
v -55.77580643 41.12759399 297.4772644
v -42.0038147 -20.68757629 161.57170105
v -40.56753922 -32.45399475 174.13327026
v 89.85066986 -48.47270966 338.06750488
v 90.82531738 -21.48408318 353.15539551
v 83.21420288 -32.70668793 351.62667847
v 45.70589828 -52.76651764 24.93348694
v 41.72103119 -39.8666687 44.01980591
v 39.32592773 -67.59246063 38.81721497
v -89.21749878 -0.55086315 77.97821808
v -73.51185608 16.10354042 91.40154266
v -85.62366486 16.10707092 85.4238205
v -47.40602112 -14.11875248 107.91104889
v 48.22321701 62.80697632 9.44776917
v 44.02119064 25.87592506 22.38259888
v -46.76828384 -6.83841753 154.40847778
v -34.97875214 -29.24471474 147.49559021
v 119.00045013 -25.33504868 229.51785278
v 70.97505951 -12.11200905 188.63720703
v -106.81493378 -4.77730036 214.09371948
v 36.88399506 34.91041183 58.16949463
v -10.63074112 53.19630814 343.48779297
v -9.90667152 45.665802 352.05566406
v 28.5584259 33.88661194 115.314888
v 35.24666977 19.1013298 115.56697845
v -39.19508743 -29.67393875 342.76617432
v -30.74695587 -45.06544495 339.12921143
v 32.55305099 30.99918747 83.09194946
v -86.68343353 15.80559731 266.23449707
v -80.26094055 20.63889313 270.58166504
v -85.20240784 18.91996384 260.51980591
v -47.19573975 4.85549831 153.3719635
v -44.48742294 -2.94702673 119.40274048
v -2.09154105 -57.33357239 192.49076843
v -28.58654404 68.08742523 263.9694519
v 103.31748199 76.68615723 293.00796509
v -53.13893127 -55.61355209 229.41633606
v -74.65148926 -43.35028458 222.0035553
v -52.48926163 -53.59607315 210.52850342
v -86.52088928 -28.86718559 244.78353882
v -90.53284454 -26.0050106 234.05073547
v -73.48908997 -47.10013199 240.93855286
v -61.3392601 -55.05308151 243.82911682
v -56.1384697 -61.62298584 256.60986328
v 56.68651581 -87.07965851 248.03009033
v 30.47504044 82.7664566 221.45883179
v 21.16891861 70.79768372 227.75215149
v -8.26896667 -54.07915878 100.39804077
v -33.64218903 42.20519638 179.97314453
v -41.4274292 32.02853775 175.50668335
v -13.88913155 44.95096207 158.60687256
v -15.47004318 43.55436707 142.85127258
v 7.68211889 -69.29646301 228.60057068
v -1.83956766 -67.09090424 216.11869812
v 6.63407326 -68.38061523 223.74552917
v -13.25865841 4.29858875 364.80688477
v 9.65547562 -0.29209816 370.96743774
v -5.49713564 20.92581558 364.92004395
v -86.86425018 43.60076904 82.52577209
v -74.93262482 73.49285126 84.49604797
v -86.16751862 64.0769043 80.54154968
v -73.58048248 60.8066864 87.62922668
v -59.77314377 40.40915298 306.52304077
v -55.46035385 47.70631027 300.17736816
v -96.58390045 11.43789101 234.34294128
v -93.91439056 19.74711609 237.4609375
v -88.41364288 20.80664062 229.67469788
v -71.74446869 12.79575729 284.86141968
v -72.55422211 5.25264931 292.83322144
v -59.69381332 15.42900848 286.49603271
v -6.7171278 67.09638977 221.24264526
v -2.25495887 64.90144348 210.78387451
v -60.68175125 11.27615738 323.95007324
v -66.76969147 0.29511139 314.68817139
v -60.76276016 22.13448524 283.85723877
v -62.41882324 33.3620491 288.67880249
v -109.43891144 -1.95749438 205.47137451
v 136.67604065 -22.93782043 295.15905762
v 135.94499207 -12.55257607 304.43762207
v 129.14077759 -30.45295334 308.4934082
v 16.17845345 47.57357407 146.23445129
v 103.50601959 52.451931 230.04736328
v 82.95194244 60.19672394 222.93127441
v 100.11907196 62.3136673 238.02912903
v 55.43584061 -0.65646428 168.26296997
v 50.43102264 12.70495892 160.71377563
v -81.10339355 35.48400497 255.22192383
v -101.81243134 -8.61527061 232.20385742
v -98.4153595 -2.65174055 236.16926575
v 4.39906931 -70.00105286 207.63381958
v 7.79658031 -74.71743011 210.87590027
v 93.72592163 80.99441528 275.48345947
v 109.88949585 72.34939575 275.23318481
v 2.27513838 -63.15764236 332.37469482
v 14.19641876 -60.34925461 340.90966797
v 131.44969177 31.77243996 253.79006958
v 18.41963005 -75.4107132 234.14434814
v 21.34305763 -77.24033356 243.79881287
v -41.53111267 20.72527504 344.30737305
v -52.93238068 33.1968956 323.66299438
v -61.55116653 34.49304199 313.48168945
v -5.25136328 52.74788666 102.13510132
v 8.3932085 52.62778091 91.63622284
v -99.36755371 12.89953423 229.49386597
v -0.55078673 48.60465622 122.76399231
v 37.23308182 -8.41788197 51.41438293
v 46.62520218 -9.1313076 34.3052063
v 39.05310822 -0.55086529 43.22763062
v -74.84347534 45.40095901 88.41555023
v -4.22349453 -67.91107178 78.02825928
v -87.48724365 27.37807083 224.32936096
v 29.46453667 -80.13696289 225.08525085
v 34.12752151 -83.01287842 221.63896179
v 44.29554367 -87.30867767 227.65766907
v 9.70770645 61.59846115 78.04957581
v 6.72572994 74.60214233 67.96954346
v -8.75529194 65.2491684 81.50205994
v -102.20524597 6.42024136 274.90661621
v -105.56568909 3.46388388 270.49337769
v -76.21922302 -2.62859225 85.47058105
v -69.72827911 8.75893593 90.79865265
v 24.33556557 75.12268829 302.90283203
v 7.47470284 71.14777374 283.53652954
v -7.03536844 65.6277771 308.91571045
v 12.86565495 77.58248138 218.09515381
v 34.65789413 81.61170959 216.50004578
v 6.19115353 73.08599091 208.71844482
v 96.91043854 -74.20697021 293.12402344
v 96.54438019 -67.31770325 310.31121826
v 85.25326538 -74.85308075 304.77359009
v -90.80448914 11.66439438 258.8036499
v -94.31635284 7.11423349 263.07919312
v -92.56938171 15.57791138 260.70443726
v -56.13589096 25.64301491 296.98092651
v -63.56541824 25.25121498 311.63909912
v -48.63343048 52.11452484 286.84494019
v 48.71497726 -85.44006348 245.12242126
v 41.09213638 -80.04967499 239.04441833
v 33.97912598 -75.22743988 235.3422699
v 87.12577057 -76.49858856 260.3269043
v 75.04351044 -77.67227173 250.30964661
v 91.041008 -68.9797287 245.65757751
v -29.12636185 38.68020248 345.98718262
v -3.84853506 61.04659653 333.66189575
v 24.89708519 69.63221741 327.11154175
v 18.76319885 -51.25775909 80.30860901
v 6.59789038 -54.92392349 89.06699371
v 32.09446335 -81.89295959 253.73751831
v 38.20612335 -83.54972839 249.92410278
v 49.16330338 -89.82808685 235.32647705
v 51.25053406 -21.45015717 16.10896301
v 50.99117279 -6.85491753 1.526E-05
v 51.65079117 -8.65314102 17.32487488
v 50.86429214 -11.4876442 1.526E-05
v 50.42376328 -33.29486847 1.526E-05
v -21.11275291 60.97649002 85.33622742
v -46.13166428 55.88509369 307.84140015
v -37.64844513 60.47928238 305.85153198
v 38.4499054 -78.39594269 246.05941772
v 20.55233955 71.85434723 210.55621338
v 39.11221313 79.43106079 216.8175354
v -69.86681366 -1.18975103 297.61471558
v -65.0697403 -16.33024025 307.56622314
v 49.01634216 -85.57917023 255.31988525
v -97.02024841 9.123106 191.21556091
v -104.86795807 8.49548817 197.72721863
v -95.81230927 17.41587257 195.43960571
v -87.88467407 13.06048393 254.46350098
v -102.71707153 -19.31635094 66.80348206
v -91.63589478 -52.08317184 72.44226074
v 112.02266693 40.10512543 227.76776123
v 39.74454498 5.33268785 127.58821869
v -64.47650909 36.46905136 190.53483582
v -83.1446991 16.71739388 187.25083923
v 40.01127243 -80.01328278 218.33789062
v 25.44460297 -79.34449768 216.49934387
v 29.8710022 -76.96967316 243.62052917
v 21.66681671 -69.42344666 229.20285034
v 117.44174957 -61.42349625 283.53796387
v 99.6716156 48.79357147 333.54849243
v 87.06535339 26.5477562 352.20166016
v 105.25402069 24.90201759 341.87677002
v 95.63561249 -45.00351715 218.29136658
v 127.68926239 12.88911152 321.9831543
v 75.10382843 77.60944366 311.85998535
v 48.15330124 -77.46496582 231.60328674
v -100.0853653 7.77796984 265.74841309
v -98.19980621 11.31760025 268.72930908
v -24.56240082 -37.72833252 350.7895813
v -31.37542152 -35.19366455 137.53683472
v 49.27652359 -49.76767349 1.526E-05
v 48.34178925 -63.20522308 9.75141907
v 48.9953537 -42.29877853 1.526E-05
v 17.69158554 51.38455963 82.82924652
v -58.46808624 -36.61045074 301.40835571
v -57.76756287 -29.13449478 295.58233643
v -21.714674 50.43331528 100.83182526
v -49.52815628 -63.89128876 263.94009399
v 21.47452164 69.79454041 63.72879028
v 25.06314087 49.42598724 74.55084229
v -94.17816162 5.38014841 253.27388
v -103.26461792 3.12158179 263.21688843
v -25.70956993 -9.63933372 358.79879761
v 22.16098595 -87.04647064 56.06001282
v -0.76273811 -66.68395996 317.85021973
v -12.25124264 -65.57727051 307.31085205
v 26.37132263 -74.02729797 301.60803223
v -73.70755768 4.38747835 181.36975098
v -96.02114105 -8.67052555 191.09841919
v 35.77297211 -34.86487961 53.31069946
v 36.3325386 -12.03316212 78.84049225
v 33.1244545 -26.93595886 78.32685089
v -62.0645752 4.70262384 175.66622925
v -101.29964447 16.17028236 202.11349487
v 36.85179138 -25.38978767 51.01374817
v 36.65850449 3.27544141 99.37711334
v 36.24214554 -8.25132847 100.21208191
v -46.48156357 2.57172847 111.14206696
v -43.71587753 10.30673981 118.9319458
v 37.7968483 81.02709961 35.59609985
v -58.63668823 -15.27099705 98.71185303
v -80.67011261 -14.50982761 185.70948792
v 44.326931 76.90509796 258.11700439
v 54.69384003 78.09484863 246.32197571
v 50.23418045 79.52285004 248.7328949
v -63.23763275 44.89383316 199.24520874
v -82.34976959 33.31814957 215.29754639
v -81.67138672 37.7527771 231.11180115
v 34.44277954 -88.94180298 32.67408752
v 83.53936768 71.54548645 320.32702637
v 66.74887848 -40.17795563 353.53094482
v -7.30992651 47.99712753 122.22090912
v -27.74700546 11.62040901 357.39620972
v -25.10843468 27.80023956 354.95697021
v -64.60791779 17.74193954 95.00167084
v -35.52158356 -63.14315414 303.57318115
v -37.3019104 -62.28399277 282.17565918
v -25.25748253 -65.84062958 279.56985474
v 65.92687988 -68.14134216 325.90234375
v -67.74192047 47.55434036 228.89767456
v -48.34137344 57.52077103 233.5715332
v 120.93223572 21.86303902 328.43066406
v 117.68991852 2.96919823 335.16815186
v -68.31703186 88.96308136 77.23649597
v 83.89471436 -68.08464813 319.34509277
v -55.02428436 2.79028893 100.55324554
v -60.89944077 2.18345499 93.10222626
v 77.38126373 -57.50337982 336.17288208
v 31.38805962 -25.18321991 99.63627625
v 92.26457214 48.11132812 217.28245544
v -84.35148621 -28.62437439 197.49224854
v 22.93302727 39.85103226 121.88833618
v 18.2127018 44.43643951 99.32079315
v 27.52689362 -34.02946854 114.57169342
v -102.41273499 24.85138321 66.10940552
v -93.445755 67.85411835 68.29930115
v -91.77359009 52.26507187 72.12705231
v -48.86976624 31.12024879 180.32780457
v -69.73396301 -12.313097 286.37634277
v -2.23131347 37.33836365 359.75515747
v 44.83987427 67.85411835 7.88900757
v 34.32231903 88.96307373 32.39833069
v -102.24559784 4.58787298 231.96051025
v 31.95639038 -76.34934235 260.43713379
v 20.26586342 8.38676929 371.70214844
v 100.25475311 5.08227873 350.60662842
v -55.77344894 -40.37005997 296.96099854
v -55.21009827 -46.71210861 296.78707886
v -0.50380546 69.40440369 217.69094849
v 7.44725847 72.12456512 222.6915741
v -30.24853897 57.91762543 195.05326843
v -21.20088005 48.96627045 181.84580994
v -1.26654005 -62.60090637 208.423172
v -18.02867317 -62.93750763 202.09231567
v -51.13319016 54.63333893 298.20700073
v 5.61220837 -69.67959595 280.69647217
v 121.60837555 -41.79664993 311.27865601
v -78.01881409 -25.39435005 189.12911987
v 47.09751511 72.47451019 226.98750305
v -89.9193573 19.48884392 76.37158966
v -70.98272705 27.38900185 89.77498627
v 36.96695709 1.70185935 47.76429749
v 127.62429047 -8.07988358 321.23098755
v -93.30791473 16.07369614 264.33624268
v -79.06612396 -38.05918884 258.53945923
v 30.70101547 -52.49129868 56.76242065
v 42.29653931 -60.43556976 340.43408203
v 16.88869858 -50.12582397 353.1774292
v 51.89715576 -76.76041412 239.13865662
v 32.50798416 25.04678917 98.08857727
v -99.05033875 -13.58691025 226.28672791
v 42.00776291 -53.95416641 188.31535339
v -105.36427307 -6.63327742 197.15122986
v -102.95927429 -14.57874489 197.98480225
v 49.058815 -3.96716928 1.526E-05
v 49.0607338 2.870296 1.526E-05
v 51.65303802 7.55879784 17.30957031
v 27.38754845 64.07785034 57.29460144
v -68.19657135 -88.94180298 77.51225281
v -10.48864937 -104.60007477 69.71655273
v -39.38681793 -100.74053955 78.00229645
v -14.17479324 -88.94180298 53.91275024
v 51.05329132 62.36595917 211.22174072
v 123.57499695 46.77080536 310.86856079
v 102.32470703 23.56492233 211.9065094
v -28.95191383 -21.16550446 355.29327393
v 6.57596445 71.80940247 263.1618042
v -102.89594269 -3.40174699 241.04682922
v -99.74733734 -12.80401516 242.96400452
v -100.14044189 6.304245 245.62518311
v -6.97376776 81.14690399 77.76248932
v 27.51224899 37.51049805 91.12336731
v -77.77954102 -74.05583191 81.60923004
v -55.58831787 -74.76197815 82.38936615
v 7.66757154 50.96786118 155.63485718
v -10.69430637 104.60005951 69.24577332
v -33.85942459 30.52874756 143.16639709
v -57.92335129 -43.54011917 286.81787109
v -50.23447418 -50.85200119 289.21429443
v 32.75588226 32.66996002 135.69662476
v -72.18315887 21.50523186 278.21707153
v -78.16558075 41.75986862 247.61618042
v 12.27849865 63.38257217 227.05627441
v -33.786129 -50.24224091 90.82287598
v -38.02602386 -78.40345764 81.11730194
v 45.00045013 58.10659409 1.526E-05
v 6.85853958 37.33419418 3.052E-05
v -92.90068817 -17.18338585 244.41995239
v 38.86994934 -40.33584213 160.19984436
v 50.8912735 -91.91674042 250.16323853
v 15.10959053 -73.99043274 219.03936768
v 11.39089394 -60.92316055 224.68252563
v 39.81242752 77.13834381 247.58808899
v 47.4119606 84.73099518 244.24092102
v 40.74155426 86.38176727 230.47454834
v 133.08746338 -12.37550735 247.93055725
v 88.38596344 36.71875 207.5146637
v -29.72645569 64.32337189 283.55758667
v 15.03211784 100.67979431 53.6995697
v -53.98409653 47.67472076 311.92456055
v 45.57871246 87.00984955 229.76618958
v -21.99177551 66.17171478 239.97024536
v 61.24246597 -71.51060486 227.65100098
v -65.4861145 -46.04510498 208.14523315
v 138.56137085 -13.98693752 266.43161011
v 61.31114578 -7.27916193 367.87158203
v 54.18380356 11.51147652 367.92926025
v -60.50273895 -33.33859253 288.89276123
v -57.38998032 -20.47341347 287.86523438
v -61.84432602 -32.18165588 286.81851196
v -60.56639481 -38.20923615 305.01257324
v -48.80361557 -57.16169357 298.30010986
v -40.97549438 18.70223618 131.25331116
v -33.35242462 -57.41656113 318.79962158
v 51.88396835 -54.06262207 346.18789673
v 30.53066444 -70.67345428 215.86090088
v 20.2770462 -73.96173859 212.57182312
v 49.53223801 91.55914307 238.24971008
v 112.6706543 -29.28684998 331.36029053
v -40.85891724 -47.05439377 324.73449707
v -100.38002014 8.3630743 239.22320557
v 25.07153893 73.05531311 317.99578857
v 2.47953987 71.48908234 247.13433838
v 102.70683289 -10.88701248 347.50091553
v -94.32444 -5.56082249 264.93771362
v -86.86425018 -44.70249557 82.52577972
v -93.33215332 -33.14299393 73.1960907
v -89.02107239 -64.70230103 77.63925934
v -56.81784439 -42.34358978 287.62915039
v -94.68945312 -0.45721421 248.71481323
v -96.0304184 -6.67358971 249.73139954
v 113.8351593 68.1425705 295.98757935
v -0.35424015 59.11768341 86.60288239
v 41.2375946 -74.75021362 221.16714478
v 48.48283386 -73.2088623 227.53842163
v -94.67599487 -1.83486807 69.06915283
v -60.98663712 17.50076675 179.97192383
v 139.37001038 22.73768806 280.44192505
v 53.55923843 92.58963013 247.28343201
v 76.84883118 69.61611176 231.73622131
v -38.74874496 0.59751618 350.43695068
v 89.55451202 -8.12582111 356.51678467
v 77.47040558 6.34195757 362.00521851
v -61.07828522 -28.83119011 282.92510986
v 29.13614464 -76.67840576 215.16033936
v 50.34765244 27.84417534 0
v 48.13017654 34.55720139 0
v 119.7907486 -14.14616776 330.56393433
v 21.86527824 75.96751404 242.87033081
v 10.37800026 64.95822144 223.11373901
v 23.88314629 87.95108032 52.33352661
v -48.02228546 47.01260757 190.70547485
v 30.86351967 -68.75697327 232.46359253
v 52.64435196 84.89632416 253.70729065
v -16.96745872 -83.19791412 79.51002502
v -18.17218781 -70.61545563 252.68778992
v 33.62742615 38.84339142 67.70843506
v 100.21194458 -73.36082458 281.39764404
v 36.08190536 9.89369869 93.09635925
v 113.62467957 43.75008011 325.29348755
v 34.02890778 -24.95402718 124.93756866
v -85.99907684 -25.52863312 84.54684448
v 17.26400948 65.09642792 223.9480896
v 130.4519043 50.43917084 281.64471436
v -31.63839912 -55.27935028 192.21960449
v -49.3778038 -51.317276 196.98980713
v -100.59366608 -9.18989563 265.84561157
v 15.22643948 -100.74054718 54.14440918
v 49.7669754 -80.16596222 250.4552002
v -34.1884079 55.805439 89.90200806
v 48.99897003 49.72937012 0
v -102.46875 -3.65582681 261.75891113
v -86.85276031 27.21038055 201.73019409
v -52.08344269 -37.93238831 90.80208588
v 47.18682098 53.64228821 0
v 47.53801727 -53.19456863 1.526E-05
vn -0.04748 -0.85124 0.52262
vn -0.06452 -0.99179 -0.1104
vn -0.68143 0.65951 0.31734
vn -0.29864 -0.8423 0.44872
vn 0.9541 -0.21404 -0.20947
vn 0.61073 0.27021 -0.74431
vn 0.93125 0.16971 -0.32245
vn -0.57352 -0.80949 0.12569
vn -0.5708 -0.65658 0.49305
vn -0.60937 -0.5926 0.52677
vn -0.31115 0.2507 0.9167
vn 0.51519 -0.34813 -0.78319
vn 0.31168 -0.71143 -0.62986
vn 0.15885 -0.43815 0.88476
vn 0.82375 -0.48804 -0.28854
vn 0.69332 -0.62512 -0.35851
vn 0.61003 -0.75735 -0.23299
vn 0.48359 0.72263 -0.49391
vn 0.88628 -0.46132 0.04109
vn 0.80684 0.38922 -0.44443
vn 0.4385 0.6786 0.58926
vn -0.17363 -0.98024 -0.09481
vn 0.56541 -0.20454 -0.79905
vn -0.34371 -0.66473 0.66333
vn -0.82003 0.19658 -0.53749
vn -0.92294 0.34563 -0.16948
vn 0.05382 0.77725 0.62688
vn -0.68954 -0.32846 -0.64548
vn 0.06226 -0.16988 0.9835
vn 0.66833 0.71018 -0.22129
vn -0.38025 -0.41759 -0.82525
vn -0.28089 0.93869 0.1999
vn 0.23691 0.5575 0.79566
vn -0.15439 -0.64615 0.74743
vn -0.3412 0.24998 0.90614
vn 0.82717 -0.44274 -0.34608
vn 0.81542 0.32513 -0.47893
vn -0.45872 0.87094 0.17617
vn -0.93956 -0.22312 0.2597
vn 0.04958 -0.99689 -0.06124
vn -0.20782 -0.29381 0.933
vn 0.87185 0.14188 -0.46878
vn 0.99699 0.07618 -0.01457
vn 0.74519 -0.49374 -0.44824
vn -0.64387 -0.45081 0.61822
vn 0.53855 -0.71855 -0.44006
vn -0.18088 0.97373 -0.13835
vn 0.75721 -0.59061 0.27894
vn 0.62772 -0.62356 -0.46598
vn -0.52785 -0.84906 -0.02148
vn -0.60962 0.53556 0.58441
vn -0.58051 0.51743 0.62871
vn -0.13116 0.96886 -0.21001
vn 0.47399 0.79465 -0.3793
vn 0.0754 0.38701 0.91899
vn -0.39804 0.15971 0.90336
vn 0.02115 0.59844 0.80089
vn 0.86943 0.39433 0.29765
vn 0.65805 -0.58108 0.47887
vn -0.08173 -0.99659 0.01179
vn 0.9523 0.16242 -0.25835
vn 0.18986 -0.33081 0.9244
vn 0.00251 -0.96599 -0.25857
vn 0.9776 -0.03762 0.20709
vn -0.62493 0.77964 -0.04015
vn 0.50313 -0.86414 -0.01058
vn -0.80922 -0.22114 0.5443
vn -0.23689 -0.97045 0.04598
vn 0.73882 0.06212 -0.67104
vn -0.32297 -0.59084 -0.73932
vn -0.32297 -0.59084 -0.73932
vn -0.32297 -0.59084 -0.73932
vn -0.81045 0.49839 -0.30787
vn -0.29388 0.92245 -0.25043
vn -0.71541 0.54281 0.43994
vn -0.05125 -0.09896 0.99377
vn -0.07502 -0.09188 0.99294
vn -0.02523 -0.9409 0.33775
vn 0.81442 0.08881 0.57344
vn 0.81893 0.08658 0.56733
vn 0.61618 -0.45579 0.64232
vn 0.07224 0.92867 -0.36381
vn 0.13656 0.9594 0.24679
vn 0.73948 -0.01039 -0.67309
vn -0.60478 -0.56661 0.55963
vn -0.62423 -0.75466 0.20204
vn -0.10442 -0.97892 0.17551
vn 0.45052 -0.73225 -0.51072
vn 0.46684 0.81537 -0.34238
vn 0.15083 0.6881 -0.70976
vn -0.71211 0.5936 0.37488
vn -0.91638 -0 0.40032
vn -0.45509 0.76143 0.46165
vn -0.8932 -0.04184 0.44772
vn -0.8527 0.47004 0.22797
vn -0.13472 -0.98378 -0.11848
vn 0.29191 0.95644 0.00277
vn 0.44602 0.779 -0.44071
vn 0.82607 -0.49288 -0.27327
vn -0.09644 -0.99517 -0.01835
vn 0.82647 -0.23753 -0.51041
vn -0.86327 -0.50343 -0.03639
vn -0.59269 -0.38011 0.71009
vn -0.22309 -0.9747 0.01406
vn -0.25835 -0.96232 0.08487
vn -0.11986 0.35775 0.92609
vn -0.44327 -0.79386 0.41628
vn -0.25599 0.94032 -0.22422
vn 0.96713 0.12836 -0.2195
vn -0.61453 0.74614 -0.25619
vn -0.67861 0.12857 -0.72316
vn -0.28674 -0.74936 -0.59685
vn 0.63414 0.71052 -0.305
vn -0.77145 -0.08475 0.63061
vn -0.51027 0.84554 0.15714
vn -0.65415 -0.32069 0.68501
vn -0.8166 -0.44993 -0.36158
vn 0.32348 0.89185 -0.31618
vn -0.8858 0.46124 0.05118
vn -0.84895 -0.43064 -0.30631
vn 0.49451 -0.43767 0.75094
vn 0.94733 -0.13622 0.28985
vn -0.42336 -0.29199 0.85762
vn -0.66528 -0.23329 0.70921
vn 0.84107 -0.52549 -0.12831
vn 0.98365 -0.05147 0.17259
vn -0.88074 -0.47265 0.02991
vn 0.73126 -0.12493 -0.67056
vn 0.54837 0.02404 -0.83589
vn -0.72094 -0.47449 0.50508
vn 0.9992 0.03947 -0.00625
vn -0.18018 0.73122 0.65791
vn 0.89669 0.40248 -0.18427
vn -0.66036 -0.49575 0.56405
vn 0.96845 0.15765 0.19303
vn -0.67482 0.7073 0.21058
vn -0.99666 -0.04261 -0.06968
vn -0.27027 -0.93533 -0.22829
vn -0.06953 -0.9948 0.07445
vn -0.24758 0.96804 0.03997
vn 0.28632 0.93674 0.20135
vn -0.4634 -0.87931 -0.10986
vn -0.84456 -0.50382 0.18134
vn -0.49412 -0.83844 -0.22993
vn 0.95813 -0.1876 -0.21634
vn -0.31264 0.62101 0.71875
vn 0.27331 -0.95574 0.10893
vn -0.65527 0.66143 -0.36488
vn -0.46045 0.88709 -0.03243
vn 0.02142 -0.98159 -0.18979
vn -0.23857 0.10479 0.96545
vn 0.93526 0.25264 0.24792
vn -0.40514 0.10183 0.90856
vn -0.52 0.15216 0.8405
vn -0.58544 0.31408 0.7474
vn -0.90192 0.2003 -0.38265
vn -0.76498 0.42677 -0.48236
vn -0.24516 0.71651 0.65308
vn 0.00067 0.97874 -0.20512
vn -0.84266 0.01316 0.53828
vn -0.96525 -0.20947 0.15624
vn -0.95203 0.04127 0.30322
vn 0.89611 -0.25896 0.36045
vn 0.35436 0.866 -0.35281
vn 0.18628 -0.98177 0.03787
vn 0.45551 0.64934 -0.60899
vn 0.84327 0.01227 -0.53734
vn -0.3496 -0.93247 -0.09099
vn -0.78081 0.56662 0.26322
vn -0.52546 -0.24288 0.81541
vn -0.68359 -0.67807 -0.27005
vn 0.47074 0.88132 -0.04098
vn -0.15684 -0.85204 0.49943
vn 0.93973 0.18907 -0.2849
vn -0.24791 -0.96281 -0.10739
vn -0.66865 0.41265 0.61857
vn 0.15532 0.92009 -0.35961
vn 0.19543 0.95011 0.24311
vn -0.58014 0.80632 -0.11523
vn 0.16141 0.98624 -0.03582
vn 0.84735 0.27605 0.45364
vn 0.03463 0.30233 0.95257
vn 0.37021 0.01706 0.92879
vn 0.319 -0.55705 0.76677
vn -0.88657 0.4225 -0.1884
vn -0.44974 -0.88379 0.129
vn 0.26125 0.62809 0.73297
vn -0.82233 0.48106 0.3039
vn -0.32499 -0.24245 0.91411
vn -0.51293 -0.19086 0.83694
vn -0.28094 0.95853 0.04786
vn -0.75554 0.16597 0.63373
vn 0.52873 -0.83025 0.17644
vn -0.19472 0.93126 -0.30797
vn -0.19501 0.90608 -0.37549
vn 0.39578 -0.84947 0.34893
vn -0.75872 -0.02602 -0.6509
vn -0.86096 0.27319 -0.42908
vn -0.53712 0.84085 0.06682
vn -0.68281 -0.6878 0.24637
vn -0.63439 -0.72026 0.28069
vn 0.36909 -0.86338 -0.34402
vn -0.67292 0.40713 0.61759
vn 0.32546 0.94402 0.05395
vn 0.91053 0.01517 -0.41317
vn -0.43814 0.67473 0.59394
vn -0.14747 0.86275 0.48365
vn 0.58114 -0.59047 0.56003
vn -0.31715 -0.94325 -0.09848
vn -0.18036 -0.96268 -0.20178
vn 0.99879 -0.02736 -0.04087
vn 0.99879 -0.02735 -0.04087
vn 0.99913 -0.02018 -0.03644
vn -0.07524 -0.93118 0.35672
vn -0.12572 0.83887 0.52961
vn -0.34935 0.83186 0.43125
vn -0.56691 -0.82355 -0.01938
vn 0.46403 -0.59256 -0.65845
vn -0.96493 -0.18037 0.19072
vn 0.71304 -0.45691 -0.53179
vn -0.04043 0.23164 0.97196
vn -0.5962 0.43165 -0.67692
vn -0.8133 -0.08738 -0.57525
vn -0.05381 0.98241 -0.17882
vn -0.91514 0.03416 -0.40169
vn -0.83629 -0.01466 0.54809
vn -0.72803 -0.08882 0.67977
vn 0.63914 0.54167 -0.54598
vn 0.98023 -0.06711 -0.18612
vn -0.43797 0.53417 -0.72308
vn 0.04362 -0.77686 -0.62817
vn 0.3944 -0.70267 -0.5922
vn 0.99973 -0.02256 0.00632
vn 0.72624 -0.64828 0.2287
vn 0.03278 0.68366 -0.72906
vn 0.48148 0.38668 0.78655
vn 0.62449 -0.46769 -0.62552
vn 0.90447 -0.00066 0.42654
vn 0.00071 0.88514 0.46532
vn -0.63256 -0.76624 -0.11291
vn 0.83684 0.53358 -0.1224
vn -0.9784 0.03899 0.20302
vn -0.77 0.59786 -0.22285
vn -0.39194 -0.62854 0.67181
vn -0.83996 -0.54228 0.02002
vn 0.98858 0.03722 0.14605
vn 0.98858 0.03722 0.14605
vn 0.5574 0.66703 0.49434
vn -0.93416 -0.16074 -0.31859
vn -0.55444 0.80023 0.22852
vn -0.48542 -0.85709 0.17253
vn 0.53207 0.46847 0.70529
vn -0.40401 0.89978 -0.16482
vn 0.17512 0.55011 0.81653
vn -0.33606 -0.10333 0.93615
vn -0.94242 -0.33081 -0.04902
vn 0.2308 -0.9566 0.17789
vn -0.97684 0.18135 -0.11354
vn 0.52068 -0.24193 0.81876
vn -0.19658 -0.97407 0.112
vn -0.40535 0.01165 -0.91409
vn 0.96226 -0.21298 0.16938
vn -0.43887 -0.03542 -0.89785
vn 0.32912 0.47455 0.81638
vn -0.74577 0.63106 0.21353
vn 0.8493 0.03106 0.527
vn 0.8493 0.03106 0.527
vn 0.9971 -0.04067 -0.06428
vn 0.8183 -0.06472 -0.57114
vn -0.72996 0.51523 -0.4491
vn -0.76017 0.14381 0.63361
vn -0.93833 0.32689 -0.11262
vn -0.96518 0.10292 0.24048
vn 0.29633 0.89454 -0.33464
vn 0.81958 0.21803 -0.52985
vn -0.47982 -0.82633 -0.29485
vn 0.95017 0.15852 0.26842
vn -0.3744 -0.35625 0.8561
vn -0.45287 0.26256 0.85204
vn -0.36059 -0.24977 -0.89866
vn 0.3678 -0.62653 -0.68716
vn 0.49985 0.70008 0.50994
vn -0.61918 0.76259 -0.18728
vn 0.92741 -0.28262 0.24501
vn 0.94997 -0.15472 0.27132
vn 0.16274 0.87173 0.46218
vn 0.16368 -0.46509 0.87
vn -0.10477 0.97015 0.21872
vn -0.59468 0.21382 0.77501
vn 0.95474 -0.28584 0.08221
vn -0.35247 0.74572 -0.56538
vn -0.7382 -0.35999 -0.5705
vn -0.39427 0.15069 0.90655
vn -0.15879 0.81914 0.55117
vn -0.888 -0.43697 -0.14321
vn 0.18363 0.67482 0.71477
vn -0.28609 -0.95809 -0.01467
vn 0.1096 -0.91402 0.39059
vn -0.43879 0.89447 -0.08597
vn 0.75424 0.10187 0.64865
vn -0.28343 -0.92934 -0.23664
vn 0.5668 -0.79747 0.20684
vn 0.4322 -0.89607 -0.10125
vn -0.72012 0.69234 0.04573
vn 0.37098 0.25974 0.89158
vn 0.24658 0.29468 0.92324
vn -0.64595 0.73163 0.21786
vn -0.26795 -0.83884 0.47387
vn 0.42347 -0.73424 0.53062
vn -0.17266 -0.09937 0.97996
vn -0.7495 -0.25332 0.61162
vn 0.21339 -0.78771 0.57791
vn 0.90338 -0.41507 0.10775
vn -0.76029 0.24313 0.60237
vn -0.46574 0.45457 -0.75924
vn 0.26828 0.93034 -0.24997
vn 0.36645 0.61054 -0.70211
vn 0.73535 0.5969 -0.3209
vn -0.45239 -0.26451 0.85169
vn -0.60863 -0.76304 -0.21756
vn 0.63799 0.65503 -0.40485
vn 0.72173 0.6921 -0.01034
vn -0.73974 -0.54556 0.39388
vn -0.27797 0.95889 -0.05711
vn 0.6265 -0.7713 -0.11227
vn -0.76903 0.12847 0.62617
vn -0.68067 0.10501 0.72503
vn 0.55859 -0.13778 -0.81792
vn 0.14319 0.58526 0.79811
vn -0.50988 0.51315 -0.69043
vn -0.42344 -0.77496 0.46919
vn -0.95176 0.15459 0.26507
vn -0.35538 0.43661 0.82648
vn 0.83638 0.54613 -0.04705
vn 0.9102 0.41267 0.03517
vn -0.97791 -0.02827 0.20709
vn -0.65446 -0.41426 0.63251
vn 0.12923 -0.76267 0.63374
vn -0.94728 0.28395 -0.14845
vn -0.00375 0.01683 0.99985
vn 0.66567 0.14668 0.73169
vn 0.45433 -0.74929 -0.48182
vn -0.8768 -0.06482 -0.47646
vn -0.50449 0.77621 -0.37814
vn 0.71137 -0.17028 -0.68188
vn 0.54041 -0.75835 -0.3645
vn -0.33654 0.94139 0.02301
vn 0.10807 0.57507 0.81094
vn -0.37496 0.79783 -0.47209
vn -0.86653 -0.04818 0.49679
vn -0.38324 0.82193 -0.42137
vn -0.86597 0.46352 -0.18773
vn 0.09619 -0.97447 -0.20286
vn -0.16207 0.97453 -0.155
vn 0.36609 -0.36489 0.85606
vn -0.84089 0.53904 0.04836
vn 0.58944 -0.67708 0.44058
vn -0.58212 -0.31406 0.75
vn -0.21261 -0.97711 0.00791
vn -0.34623 0.91221 0.21909
vn 0.63261 -0.60602 0.48222
vn -0.42876 -0.36419 -0.82676
vn -0.26681 0.95846 0.10087
vn 0.89045 0.22348 -0.39643
vn 0.99312 -0.09726 0.06522
vn -0.90279 0.00462 0.43006
vn -0.90276 0.0046 0.43012
vn 0.15381 0.1071 0.98228
vn 0.63405 0.42963 -0.64296
vn -0.15252 0.96515 0.21265
vn 0.92445 0.15066 0.35029
vn 0.80508 -0.02375 0.59269
vn 0.364 -0.86057 -0.35627
vn -0.27863 0.59857 -0.75105
vn -0.09523 0.88424 0.45721
vn -0.70442 0.66293 -0.2536
vn -0.7787 -0.61087 0.14305
vn -0.85413 0.03578 0.51883
vn 0.95449 -0.23997 0.17711
vn 0.05903 0.0877 0.9944
vn 0.00845 -0.7691 0.63908
vn -0.3334 0.53743 0.77461
vn 0.09011 -0.96001 -0.26506
vn -0.32565 -0.92133 0.21237
vn 0.97051 0.20143 -0.13242
vn 0.91113 0.41211 -0.00258
vn 0.8595 -0.14739 -0.48943
vn 0.27916 -0.94768 -0.15481
vn -0.95766 -0.20253 -0.20462
vn 0.3889 -0.84801 -0.36006
vn -0.90303 0.00281 0.42958
vn -0.03534 0.99927 0.0147
vn -0.36417 -0.92466 -0.11129
vn -0.01497 -0.56937 0.82195
vn 0.41792 0.48217 -0.76997
vn -0.44078 -0.71856 0.53795
vn -0.15939 0.58699 0.79375
vn -0.91177 -0.30485 -0.2752
vn 0.83081 0.55594 0.02607
vn 0.98898 -0.00028 -0.14804
vn 0.98898 -0.00028 -0.14804
vn 0.81003 0.20557 0.54917
vn -0.46177 0.22707 0.85745
vn -0.71131 0.53157 0.45986
vn -0.91026 -0.38735 0.14625
vn -0.28 -0.7105 -0.64559
vn -0.28037 -0.71377 -0.64181
vn -0.21101 -0.97746 0.00625
vn 0.03228 0.96384 -0.26453
vn 0.16228 0.83011 -0.53346
vn 0.64986 0.56026 0.51361
vn 0.67635 0.26317 -0.68797
vn -0.39984 -0.33767 0.85212
vn -0.15927 0.97991 0.12005
vn 0.73354 -0.567 0.37473
vn -0.00483 0.83942 0.54347
vn -0.73308 -0.10859 0.67141
vn 0.08084 0.17612 0.98104
vn 0.91446 0.30846 0.26196
vn 0.95065 -0.08417 0.29863
vn 0.96493 -0.0744 0.25174
vn 0.19347 0.33267 0.92298
vn 0.64285 0.76112 0.08622
vn -0.47862 -0.84473 -0.23947
vn 0.36532 0.4678 0.8048
vn 0.64937 0.00044 -0.76047
vn -0.08794 0.24262 0.96613
vn -0.14456 -0.65209 0.74423
vn -0.04163 -0.23543 0.971
vn 0.80904 -0.58704 0.029
vn -0.97993 -0.15428 0.12625
vn -0.58494 0.7951 -0.16019
vn 0.15628 0.96573 -0.20721
vn -0.98464 -0.10088 0.14251
vn -0.99428 0.05462 -0.09182
vn 0.2118 0.3631 0.90736
vn -0.57928 -0.49547 -0.64726
vn -0.78899 0.59171 0.16544
vn -0.20992 0.82785 0.5202
vn -0.70642 -0.68694 0.17055
vn -0.17865 -0.79562 0.57885
vn -0.69776 -0.63149 0.33815
vn 0.84259 0.41996 -0.33716
vn 0.64154 -0.41335 0.64619
vn -0.33433 0.56093 0.75735
vn -0.85582 0.51412 0.05697
vn 0.29793 -0.87936 -0.37142
vn 0.21184 0.22565 -0.9509
vn -0.22238 -0.39565 0.89107
vn -0.43852 -0.74798 0.49823
vn -0.2668 -0.79704 0.5418
vn 0.87563 -0.03105 0.48198
vn 0.21271 -0.34685 0.91348
vn -0.32255 0.59227 -0.73836
vn -0.32255 0.59227 -0.73836
vn 0.792 0.29345 0.53537
vn -0.77577 -0.40864 0.48083
vn 0.59291 -0.68362 -0.42558
vn -0.36564 0.83375 0.41373
vn -0.60199 -0.73462 -0.31295
vn 0.66878 -0.72064 0.18278
vn 0.30004 -0.30495 0.90387
vn 0.23131 -0.95694 0.17539
vn -0.77836 0.58111 -0.23761
vn -0.57244 0.73403 0.36539
vn -0.05833 0.44764 0.89231
vn 0.89967 -0.25514 -0.35426
vn 0.52186 0.22768 -0.82209
vn -0.44372 -0.81646 0.36946
vn 0.97177 -0.12819 0.19805
vn 0.83406 0.28571 0.47192
vn 0.00364 0.94684 0.32168
vn 0.81955 0.2449 0.51803
vn -0.2556 0.94199 -0.21755
vn 0.42546 0.5012 -0.75351
vn 0.34879 -0.91004 -0.22397
vn -0.36496 0.92756 0.08024
vn 0.04312 -0.97058 -0.23689
vn -0.50121 0.3387 -0.79629
vn -0.73328 -0.03526 -0.67902
vn -0.28209 0.70954 -0.64574
vn -0.28209 0.70954 -0.64574
vn -0.49939 -0.86405 -0.06348
vn 0.9856 -0.15636 0.06438
vn 0.9856 -0.15636 0.06439
vn 0.38847 0.53851 -0.74773
vn -0.81718 0.56449 0.11652
vn -0.08088 0.95352 -0.29027
vn -0.16117 0.95335 -0.25525
vn -0.2545 0.94079 -0.22391
vn -0.85424 -0.43841 -0.27943
vn 0.3966 0.6175 0.67927
vn -0.138 0.32219 0.93656
vn -0.25483 -0.954 -0.15793
vn -0.72496 -0.67575 0.13341
vn 0.5218 0.3631 0.77194
vn 0.63246 0.207 0.74642
vn -0.75007 -0.01242 0.66124
vn 0.4785 0.71608 -0.50819
vn 0.30078 -0.7811 -0.54718
vn -0.30284 0.65401 -0.69323
vn -0.30284 0.65401 -0.69323
vn 0.56659 -0.02046 -0.82375
vn -0.04894 -0.94907 -0.31123
vn -0.93328 0.29215 -0.20889
vn -0.47667 -0.86675 -0.14671
vn 0.99642 -0.06553 -0.05338
vn -0.223 0.9748 -0.00592
vn 0.71297 -0.63365 -0.30029
vn 0.23004 0.08428 0.96952
vn -0.75295 0.23138 0.61605
vn -0.86111 -0.49777 -0.10354
vn -0.63406 0.74516 -0.20666
vn -0.83655 -0.54064 -0.08884
vn -0.26487 -0.96092 0.0805
vn -0.67034 -0.72824 0.14252
vn -0.82194 0.02318 0.5691
vn 0.8906 -0.07422 -0.44868
vn -0.90245 0.16452 0.39814
vn -0.98263 0.06648 0.17325
vn -0.55638 0.17754 0.81174
vn -0.61908 0.21748 0.75462
vn -0.35293 -0.82743 0.43682
vn 0.54543 0.81937 0.17644
vn 0.13807 -0.5745 0.80678
vn 0.09979 -0.9759 0.19408
vn 0.65269 0.68222 -0.3295
vn -0.89536 -0.10583 0.43259
vn 0.36238 -0.22539 -0.90437
vn 0.88095 0.23188 -0.4125
vn -0.93493 -0.02051 -0.35425
vn -0.42453 0.75616 0.498
vn -0.95263 0.22762 0.20169
vn -0.30562 -0.43642 -0.84624
vn 0.58603 -0.37119 0.72027
vn -0.22513 -0.96949 -0.09698
vn 0.75145 -0.57584 0.32208
vn 0.08467 0.8017 0.5917
vn 0.13393 0.8227 -0.55248
vn 0.49546 -0.60815 0.62022
vn -0.39157 0.9121 -0.12146
vn -0.33943 -0.88501 -0.31866
vn 0.42349 -0.78398 -0.45391
vn -0.59125 -0.48897 0.64135
vn -0.25557 0.95828 -0.12797
vn -0.96858 0.22391 0.10826
vn -0.84718 0.44795 -0.28569
vn -0.26548 0.93677 0.228
vn 0.73925 -0.61746 0.26879
vn -0.86096 0.27319 -0.42908
vn -0.9566 -0.05014 -0.28705
vn -0.51487 -0.60729 0.60507
vn -0.39787 -0.54307 -0.73945
vn -0.22303 0.97478 -0.00775
vn -0.1051 0.99444 0.00699
vn -0.418 -0.76332 0.49257
vn -0.41812 0.48093 0.77064
vn -0.07148 -0.13349 0.98847
vn 0.00089 -0.32595 0.94539
vn -0.79202 0.59471 0.1379
vn -0.89139 -0.40836 -0.19662
vn -0.55413 -0.67802 0.48294
vn -0.95328 0.00973 -0.30192
vn 0.65923 -0.04476 0.75061
vn -0.17541 0.72531 0.6657
vn -0.83644 0.54639 -0.04279
vn -0.3775 0.39983 -0.83524
vn -0.00468 0.9626 -0.27088
vn -0.63586 0.54802 0.54347
vn 0.06578 0.74774 0.66072
vn -0.7562 -0.63011 0.17644
vn 0.8734 0.45175 0.18193
vn -0.49027 -0.8429 -0.22172
vn -0.87025 -0.09716 0.48293
vn -0.90144 -0.00854 0.43282
vn -0.71121 -0.16704 0.68284
vn 0.07133 0.9283 -0.36494
vn 0.03241 0.96813 -0.24833
vn -0.44613 -0.18194 0.87628
vn -0.60359 0.24926 0.75733
vn 0.30909 -0.47054 0.82647
vn -0.96137 -0.26492 0.07467
vn -0.94968 0.23814 0.20348
vn -0.25261 0.9449 -0.2082
vn -0.46014 -0.62083 0.6347
vn 0.60298 0.78727 0.12891
vn -0.61604 0.06679 0.78488
vn -0.10461 0.99385 -0.03625
vn 0.33497 0.82999 0.44599
vn 0.55163 -0.77008 0.32043
vn 0.60573 0.64391 -0.46741
vn 0.60649 -0.57321 -0.55101
vn 0.16972 -0.42698 -0.88819
vn -0.15592 0.987 0.03893
vn 0.6191 0.617 0.48583
vn -0.13 -0.97957 0.15344
vn -0.72851 -0.67113 0.13731
vn -0.17526 0.97875 0.10648
vn 0.92513 -0.32406 0.19777
vn 0.51205 -0.76474 0.39112
vn 0.12182 -0.93649 -0.32886
vn -0.26504 -0.81465 -0.51586
vn -0.75634 -0.36023 0.54606
vn -0.12654 -0.98619 0.10684
vn -0.13389 -0.58661 -0.79873
vn 0.74822 -0.36 0.55728
vn -0.32499 -0.24245 0.91411
vn -0.85338 0.01189 0.52115
vn -0.29632 0.42248 -0.85657
vn -0.09375 -0.75461 0.64944
vn -0.94148 0.24618 0.23023
vn -0.90379 0.36824 -0.2181
vn -0.77877 -0.21312 0.59
vn -0.71023 -0.6849 0.16277
vn 0.97419 0.13264 -0.18265
vn -0.4763 -0.50545 0.71948
vn -0.49072 0.86297 0.12031
vn 0.28447 0.95036 0.12606
vn -0.76223 -0.50217 0.40846
vn -0.33698 0.87529 0.34687
vn 0.09545 0.88554 -0.45466
vn 0.52655 -0.84929 -0.03813
vn 0.37915 0.78223 -0.49432
vn -0.71324 0.11211 0.6919
vn -0.95367 -0.06097 -0.2946
vn -0.76755 -0.30767 0.56232
vn 0.89932 0.00029 0.43729
vn 0.84247 0.47041 0.26259
vn 0.6854 -0.37587 -0.62366
vn 0.69265 0.71069 -0.12314
vn 0.37163 -0.04144 0.92746
vn 0.38143 0.75099 -0.53901
vn 0.55277 -0.0765 0.82981
vn -0.05641 -0.24484 0.96792
vn 0.95776 -0.27133 -0.09525
vn 0.82395 0.48252 -0.29713
vn -0.47496 -0.17453 0.86252
vn 0.95813 -0.02261 -0.28545
vn -0.42264 -0.84681 0.32295
vn -0.4296 -0.52866 -0.7321
vn -0.76661 -0.49658 0.40709
vn 0.03821 -0.97337 -0.22604
vn 0.26571 0.09784 0.95908
vn -0.48787 0.20913 0.84749
vn -0.72065 -0.08842 0.68763
vn -0.28752 0.95339 0.09159
vn -0.53752 0.00412 0.84324
vn -0.40094 0.88732 -0.22786
vn 0.8575 -0.19842 -0.47469
vn -0.74161 -0.65573 -0.14149
vn 0.92886 -0.22484 -0.2944
vn -0.42154 -0.82735 0.37121
vn 0.15217 0.52305 -0.83861
vn 0.76374 -0.64552 -0.0021
vn 0.08155 -0.53519 -0.84079
vn -0.90438 -0.20634 -0.37352
vn -0.70343 -0.69401 -0.1534
vn -0.49646 0.86624 0.05621
vn 0.57509 0.36494 -0.73218
vn 0.3562 -0.2936 0.88708
vn -0.91812 0.39585 -0.01912
vn 0.98075 0.14837 0.12693
vn 0.96995 0.2108 -0.12148
vn -0.54843 -0.83272 0.07613
vn -0.46337 0.26833 0.84456
vn 0.08598 -0.62015 0.77976
vn 0.77326 -0.63095 -0.06305
vn 0.29706 0.29893 0.90686
vn -0.52816 -0.33453 0.78047
vn 0.73984 0.59149 -0.32058
vn -0.23006 0.96304 -0.14009
vn 0.54028 -0.65793 -0.52463
vn -0.12416 0.26248 0.95692
vn -0.57732 -0.78648 -0.21942
vn -0.90231 -0.29498 -0.31436
vn 0.53178 -0.77949 -0.33107
vn -0.61397 0.78269 0.10211
vn -0.88651 0.04661 -0.46035
vn 0.98962 -0.051 -0.13439
vn 0.9105 0.30076 0.2838
vn 0.9105 0.30076 0.2838
vn 0.03005 -0.91868 0.39386
vn 0.65168 -0.26916 0.70913
vn -0.32628 0.93385 -0.14648
vn -0.2893 0.93488 -0.20566
vn 0.4137 -0.72813 -0.54651
vn 0.05651 0.98882 -0.13799
vn 0.85959 0.48732 -0.15368
vn -0.38335 0.24913 0.88937
vn -0.35034 0.24586 0.90378
vn 0.89145 0.34743 -0.29087
vn -0.50178 -0.70923 0.49519
vn 0.52133 0.27584 0.80755
vn 0.12356 -0.90075 -0.4164
vn 0.7435 -0.0022 -0.66873
vn 0.09647 0.94735 0.30534
vn -0.68503 0.3444 0.64197
vn 0.66029 0.15694 0.73443
vn -0.83834 -0.14008 0.52685
vn -0.92302 0.12889 0.36252
vn -0.85878 -0.3616 -0.36296
vn 0.60422 0.6163 -0.50507
vn -0.09936 0.97823 0.18219
vn -0.42893 0.67903 -0.59576
vn -0.48748 -0.62442 -0.61029
vn 0.80096 -0.20935 0.56092
vn 0.8343 -0.2165 0.50702
vn -0.73949 0.05414 -0.67098
vn 0.81505 -0.24396 0.52553
vn 0.16322 -0.94466 0.28458
vn 0.25518 -0.78938 -0.55836
vn 0.10464 0.70827 -0.69814
vn 0.35611 0.57361 0.73767
vn -0.42621 -0.88565 -0.18432
vn -0.90205 -0.0092 0.43153
vn 0.0379 -0.16399 0.98573
vn -0.17367 0.97818 -0.11404
vn 0.96959 0.22647 0.0928
vn -0.40749 0.5566 0.72398
vn -0.75338 -0.46123 0.46871
vn 0.36272 0.90773 -0.21087
vn 0.55272 0.42595 -0.71628
vn -0.51995 -0.84344 -0.13511
vn -0.15504 -0.97582 -0.15404
vn -0.41119 -0.6419 -0.64722
vn -0.10017 -0.98274 -0.15553
vn -0.85571 -0.39677 0.33216
vn -0.46507 -0.16059 0.87059
vn -0.40021 0.47178 0.78565
vn 0.54125 0.77777 0.31957
vn -0.64653 -0.10361 0.75582
vn -0.65833 -0.10824 0.7449
vn 0.58256 -0.59787 -0.55062
vn 0.70682 0.58741 0.39415
vn 0.62408 0.67333 0.39642
vn -0.42962 -0.16065 -0.8886
vn 0.29475 0.34947 -0.88938
vn -0.93979 0.32361 -0.10988
vn 0.84257 -0.4703 0.26246
vn 0.73082 -0.13749 -0.66858
vn 0.47917 0.77524 -0.41158
vn -0.7707 0.36545 0.52198
vn 0.9386 0.27638 0.20648
vn -0.58494 0.79506 -0.16038
vn 0.49194 -0.27141 0.82724
vn 0.49194 -0.27141 0.82724
vn -0.32743 0.3423 0.88069
vn -0.4484 0.08219 0.89005
vn -0.72057 0.63396 -0.28084
vn 0.09806 0.99515 0.00729
vn -0.65962 -0.74227 0.11804
vn -0.43773 -0.89331 0.10191
vn -0.44016 -0.88629 0.14405
vn -0.58885 -0.60745 0.53317
vn 0.42544 -0.61392 -0.66491
vn -0.41536 -0.90935 0.02363
vn -0.83121 -0.24236 -0.50035
vn 0.71655 0.02899 -0.69693
vn 0.8061 -0.11841 0.57981
vn -0.1656 0.98032 -0.1075
vn 0.20787 0.81038 -0.54779
vn 0.82422 0.37204 0.42691
vn 0.65642 -0.47887 -0.58292
vn 0.35262 -0.93523 0.03179
vn 0.89155 0.20228 -0.40524
vn 0.97674 0.18612 0.10645
vn -0.99728 0.03816 0.06299
vn -0.85163 -0.52399 -0.01291
vn 0.48496 0.72206 -0.4934
vn 0.74982 -0.42554 -0.50664
vn 0.76174 -0.64126 0.09241
vn -0.40362 -0.8635 0.30241
vn 0.83141 0.36158 -0.42192
vn -0.75604 -0.53927 -0.37093
vn 0.79055 -0.17823 0.58589
vn -0.70556 -0.05774 -0.70629
vn 0.01713 -0.91943 -0.39287
vn -0.90036 -0.39427 0.18415
vn -0.02127 0.98412 -0.17622
vn 0.74278 0.33139 0.58177
vn -0.77897 -0.40061 0.48241
vn -0.50066 0.00051 0.86564
vn -0.25175 -0.95925 -0.12832
vn -0.91473 0.30946 0.25982
vn -0.97625 0.01551 0.21611
vn 0.35125 0.61467 -0.70626
vn -0.85531 0.51015 0.09057
vn 0.17177 -0.47891 -0.86089
vn -0.97963 -0.20065 -0.00845
vn 0.27378 0.74547 -0.60772
vn 0.52008 0.28192 -0.80625
vn -0.39535 0.54445 0.73978
vn -0.73334 0.65819 0.1703
vn 0.93058 -0.28955 -0.224
vn -0.68683 0.22615 0.69074
vn 0.4355 -0.77876 -0.45152
vn -0.02993 -0.38289 0.92331
vn 0.30172 -0.576 0.75973
vn -0.48061 0.85956 0.17371
vn -0.43356 0.65836 0.61529
vn 0.1942 0.92478 -0.32721
vn 0.53557 -0.15781 0.82962
vn -0.52058 0.85294 -0.03846
vn 0.36564 -0.76062 0.53644
vn -0.83748 -0.50174 -0.21655
vn -0.40287 -0.8065 0.43272
vn -0.72719 -0.46704 0.50306
vn 0.94699 -0.27786 -0.16127
vn -0.4851 -0.74839 -0.45232
vn -0.84853 0.0296 0.52832
vn -0.1138 -0.99152 0.06277
vn 0.99006 -0.09767 -0.10118
vn -0.53838 0.69079 -0.48266
vn 0.81545 -0.453 0.36032
vn -0.20295 -0.96581 -0.16129
vn 0.41757 0.90353 0.09625
vn -0.04503 -0.96585 0.25517
vn -0.21559 0.97247 -0.08841
vn -0.53738 -0.44405 0.71696
vn -0.81194 -0.18357 -0.55413
vn 0.89546 -0.31783 0.31166
vn -0.47225 0.16677 0.86554
vn 0.95163 0.30462 0.04021
vn -0.97969 0.10909 0.16823
vn -0.72438 -0.19759 0.66048
vn 0.37025 0.74251 0.55821
vn -0.17375 0.95211 -0.25158
vn 0.8511 -0.215 0.47896
vn -0.27026 0.93086 -0.24587
vn -0.91976 -0.38483 0.07708
vn -0.62932 -0.7768 -0.02311
vn -0.23686 0.96958 0.06172
vn -0.94653 0.31518 -0.06887
vn -0.32298 -0.74802 -0.57978
vn -0.70924 -0.52991 -0.46495
vn -0.49047 0.66022 -0.56881
vn 0.7224 -0.69002 0.0448
vn -0.36445 -0.90098 -0.23541
vn 0.87148 0.45657 0.17906
vn -0.21044 -0.971 0.11348
vn 0.95147 -0.18008 -0.24954
vn -0.40979 -0.91218 -0.00253
vn -0.93197 0.34446 0.11305
vn -0.09858 -0.98394 0.14879
vn -0.45378 -0.16502 0.8757
vn -0.45003 -0.16867 0.87694
vn 0.3926 -0.70245 0.59366
vn 0.26142 0.36357 0.89414
vn 0.77813 0.15719 -0.60811
vn 0.99932 -0.03534 0.01048
vn -0.4676 0.69075 0.55156
vn 0.36391 0.37382 -0.85313
vn 0.44445 0.0013 -0.89581
vn -0.30171 -0.65726 -0.69064
vn -0.30171 -0.65726 -0.69064
vn -0.44893 0.01592 0.89342
vn -0.3849 0.87608 -0.29042
vn 0.87612 -0.45888 -0.14779
vn 0.78627 -0.33013 0.5223
vn 0.83184 -0.46387 0.30474
vn 0.12381 0.67269 0.72949
vn -0.65698 -0.53126 0.53492
vn 0.42428 0.60386 0.67478
vn -0.97035 -0.22722 0.08244
vn -0.82085 -0.55579 -0.13158
vn 0.22706 0.19881 0.95337
vn 0.47478 -0.8282 -0.29778
vn 0.8626 -0.37153 0.34335
vn -0.88382 0.43001 0.18428
vn 0.16579 -0.21927 0.96147
vn -0.17996 -0.51978 0.83513
vn -0.1536 0.75107 0.6421
vn -0.41851 0.70988 0.56649
vn -0.54741 -0.02523 -0.83649
vn -0.42367 0.32069 -0.84715
vn 0.33123 -0.53122 0.7798
vn -0.12844 -0.25108 0.95941
vn 0.51164 -0.44314 -0.7361
vn -0.83652 0.54624 -0.04297
vn -0.25942 -0.83053 0.49287
vn 0.66003 0.44944 0.60196
vn 0.84529 0.15627 -0.51095
vn -0.36027 0.85689 0.36871
vn -0.77718 0.59869 0.19381
vn 0.71156 0.65527 0.25359
vn -0.6403 0.73049 0.23749
vn 0.04222 -0.85264 0.52079
vn -0.43861 0.69986 0.56376
vn 0.67039 0.73602 -0.09413
vn 0.32496 0.17467 0.92946
vn 0.83032 0.14643 -0.5377
vn -0.45223 -0.85669 -0.24813
vn -0.39169 -0.16511 0.90516
vn 0.88582 0.4369 -0.15635
vn 0.62484 0.66003 0.41706
vn -0.73734 0.05583 0.67321
vn 0.51552 -0.34805 -0.78301
vn -0.89294 -0.43947 0.09761
vn -0.63384 -0.11464 0.76492
vn 0.79297 0.24493 0.55786
vn -0.30171 -0.65726 -0.69064
vn -0.04077 0.71727 0.6956
vn -0.48526 0.61193 0.62455
vn -0.18027 0.98281 0.03987
vn 0.96901 -0.12312 0.21415
vn 0.95876 0.03692 -0.28182
vn -0.56428 -0.25324 -0.78579
vn 0.98566 -0.05644 0.15905
vn 0.98566 -0.05644 0.15906
vn 0.70104 0.13132 -0.70093
vn 0.14835 0.34917 -0.92524
vn -0.08997 -0.96466 -0.24767
vn 0.65108 -0.51671 0.55597
vn 0.65108 -0.51672 0.55597
vn -0.12046 0.00921 0.99268
vn -0.56187 0.32895 0.75901
vn -0.76525 0.57107 -0.2971
vn 0.99863 0.0488 -0.0191
vn 0.55812 0.82975 0.00391
vn 0.21355 0.86721 -0.44983
vn 0.73872 -0.60547 0.29612
vn -0.81429 0.00632 0.58043
vn -0.42708 0.59742 0.67874
vn 0.85497 -0.23284 -0.46349
vn 0.96407 -0.00937 -0.26547
vn -0.70662 0.67245 0.2202
vn -0.34874 0.58733 -0.73036
vn 0.55134 -0.62116 -0.55694
vn -0.22711 0.9733 -0.03341
vn 0.33968 0.79398 0.5042
vn -0.64927 -0.56353 0.51078
vn -0.65019 -0.55991 0.51356
vn -0.26506 0.96301 0.0485
vn 0.70238 -0.42033 0.57445
vn 0.55879 0.11444 -0.82138
vn -0.55369 0.34032 0.76001
vn 0.9585 -0.26786 -0.09762
vn 0.24461 -0.88758 -0.39035
vn 0.35146 -0.83613 0.42115
vn -0.38803 -0.18727 -0.90242
vn 0.15883 -0.92692 -0.33999
vn 0.05964 0.41063 0.90985
vn -0.4507 -0.25377 -0.85585
vn 0.49061 -0.67346 -0.55296
vn -0.69071 0.48257 0.53856
vn -0.82915 -0.43014 -0.35705
vn 0.89943 0.33564 -0.27995
vn 0.88169 0.06631 -0.46715
vn -0.73647 -0.05462 0.67427
vn -0.31728 -0.92191 0.22229
vn -0.01636 -0.85148 -0.52413
vn 0.62237 0.67621 0.39421
vn -0.9416 -0.2002 -0.27076
vn -0.2754 0.95979 -0.05439
vn -0.99064 -0.11362 -0.07569
vn 0.37596 -0.92163 -0.09625
vn 0.29961 0.91494 -0.27041
vn 0.40265 -0.68367 0.60867
vn 0.66678 0.54051 -0.51309
vn 0.15903 -0.88965 0.42807
vn 0.62392 -0.66757 -0.4063
vn -0.11458 0.97548 0.18793
vn -0.91088 -0.26382 0.31734
vn 0.19557 0.41716 0.88754
vn -0.89711 0.20389 -0.39195
vn 0.19044 0.98094 -0.03849
vn -0.57583 0.21409 0.78904
vn 0.95777 -0.05674 0.28187
vn -0.55623 -0.83092 -0.01362
vn 0.97943 -0.03388 0.1989
vn 0.14648 -0.48744 -0.86078
vn 0.20313 0.27823 -0.93879
vn 0.70851 -0.70276 0.06438
vn -0.65659 -0.09963 -0.74764
vn -0.75236 -0.62884 0.19626
vn 0.78574 -0.06892 0.61471
vn -0.50603 0.81511 0.28201
vn -0.26559 0.93509 -0.23467
vn -0.51584 0.48751 -0.70445
vn -0.68117 0.57541 -0.45267
vn -0.1093 -0.97897 0.17226
vn -0.41701 0.89735 0.14443
vn -0.43364 -0.52658 -0.73121
vn -0.56343 0.59146 0.57683
vn 0.04827 0.85812 -0.51117
vn -0.93432 -0.31025 -0.17546
vn -0.74334 0.0561 -0.66656
vn 0.22861 0.62411 0.74715
vn 0.83311 -0.25377 -0.49145
vn -0.47695 -0.84458 0.24331
vn -0.50971 -0.77738 -0.36861
vn -0.64437 -0.45029 0.61808
vn -0.29323 -0.88878 -0.35226
vn -0.1028 0.98052 0.16739
vn 0.23479 0.47916 0.84574
vn 0.42168 -0.60717 -0.67345
vn 0.58841 0.78891 -0.17718
vn -0.60261 0.7833 -0.15262
vn -0.49532 0.79211 0.35668
vn 0.49216 -0.8548 -0.1646
vn 0.37057 -0.06469 0.92655
vn -0.20264 -0.977 -0.06632
vn 0.99183 -0.10932 0.06575
vn -0.46808 0.85868 0.20874
vn -0.05811 0.11535 0.99162
vn -0.85571 -0.03997 -0.51591
vn -0.61022 -0.48328 0.62775
vn -0.2551 -0.96203 0.09709
vn 0.52571 0.57496 -0.62694
vn -0.2849 -0.74139 0.60759
vn -0.58309 0.73215 -0.35208
vn 0.96179 0.22884 0.15028
vn -0.6359 0.04866 0.77023
vn 0.95111 0.30746 -0.02912
vn -0.70098 -0.54315 -0.46218
vn -0.93251 0.35922 -0.03736
vn 0.06699 0.84157 0.53598
vn -0.32772 -0.80521 -0.49421
vn 0.78736 -0.34672 -0.50976
vn -0.61801 -0.57469 0.53646
vn 0.75014 -0.60613 -0.26439
vn -0.45104 0.8845 0.11923
vn -0.30065 -0.94648 -0.11739
vn 0.96604 0.24973 -0.06642
vn -0.06656 0.91506 0.39779
vn -0.66797 -0.74419 0.00223
vn 0.21128 -0.62404 0.75228
vn -0.17928 0.97761 0.11013
vn -0.91987 0.30464 0.24705
vn -0.10261 -0.84951 -0.5175
vn -0.13758 0.98999 -0.03148
vn 0.80614 0.2121 0.5524
vn -0.93564 -0.32299 0.14232
vn -0.2672 -0.85971 0.43532
vn -0.65371 0.44737 0.61034
vn -0.04285 -0.29066 0.95587
vn -0.82942 -0.54543 -0.12072
vn 0.42424 0.46112 -0.77935
vn -0.054 -0.98884 -0.13882
vn 0.00622 -0.85271 0.52234
vn 0.05999 0.99148 0.11561
vn -0.33043 0.52833 -0.7821
vn -0.62414 0.18883 0.75815
vn -0.26971 0.2118 0.93936
vn 0.45541 0.64013 -0.61873
vn -0.44482 0.65486 0.61098
vn -0.27475 -0.9346 -0.22592
vn 0.71103 -0.64282 -0.28499
vn -0.19673 0.91911 0.34137
vn -0.37895 0.1707 0.90954
vn -0.93562 -0.03429 -0.35135
vn 0.93429 -0.35515 0.03118
vn 0.37339 0.58564 0.71945
vn 0.57502 -0.81193 -0.10059
vn 0.65934 0.02284 -0.7515
vn -0.30245 0.95224 -0.04195
vn 0.95944 -0.27686 0.05305
vn 0.171 0.71787 0.67485
vn -0.35776 0.40787 -0.84003
vn -0.35342 -0.38318 0.85339
vn 0.77503 -0.45986 -0.43342
vn -0.4688 -0.71089 -0.52428
vn -0.78689 0.61692 0.0145
vn 0.12761 -0.93724 -0.3245
vn -0.06891 -0.91507 0.39736
vn 0.81607 0.57732 -0.02707
vn -0.68391 0.42225 -0.59496
vn 0.72446 0.65626 0.21092
vn -0.70914 0.35861 0.60706
vn 0.85313 -0.51483 -0.08438
vn -0.39176 -0.01594 -0.91993
vn -0.24784 -0.51543 0.82031
vn -0.04983 0.99473 0.08957
vn -0.85155 0.35286 0.38775
vn 0.66898 0.602 -0.43596
vn -0.18875 0.92343 0.33414
vn 0.75581 0.33677 -0.56155
vn -0.26452 0.6969 -0.6666
vn -0.57938 0.56597 0.58651
vn -0.59324 -0.80458 0.0267
vn -0.44222 0.20985 0.87201
vn -0.31985 0.62371 0.71322
vn -0.82689 0.41006 -0.38484
vn -0.87849 -0.36516 -0.30806
vn -0.83339 0.5421 -0.10762
vn -0.5008 0.85202 -0.15252
vn 0.00089 -0.32595 0.94539
vn -0.32299 0.40168 0.85693
vn 0.48627 0.5915 -0.64317
vn 0.80927 0.37479 -0.45234
vn 0.7951 0.3894 -0.46495
vn 0.7951 0.3894 -0.46495
vn -0.42868 -0.87878 -0.20973
vn -0.15954 -0.98671 -0.03076
vn -0.8836 0.43228 0.17997
vn -0.51646 0.51635 0.68312
vn -0.32511 0.9421 -0.08213
vn 0.25918 0.80237 0.53762
vn -0.58041 0.60466 0.54543
vn 0.74268 -0.48258 -0.46426
vn -0.96627 -0.14231 -0.21465
vn 0.07297 0.95734 -0.27961
vn -0.91474 -0.34181 -0.21547
vn -0.5037 -0.65847 -0.5592
vn -0.54469 -0.69605 0.46778
vn 0.99447 -0.01991 -0.10309
vn 0.98435 -0.17598 0.00912
vn -0.64114 0.53318 0.55196
vn -0.64376 0.53449 0.54763
vn 0.9983 0.0302 0.04992
vn -0.06716 -0.09814 0.9929
vn -0.06716 -0.09814 0.9929
vn -0.09375 -0.99021 -0.10346
vn 0.1158 -0.66094 -0.74145
vn -0.64013 0.05019 -0.76663
vn -0.59041 0.43824 -0.67777
vn 0.08155 -0.53519 -0.84079
vn -0.20368 -0.94078 0.27101
vn -0.77824 0.0046 0.62795
vn -0.05404 -0.30218 0.95172
vn 0.21799 0.3905 0.89442
vn -0.42082 0.86239 -0.28141
vn 0.85689 -0.51546 0.00618
vn 0.75273 0.3669 0.54661
vn 0.02707 -0.98062 -0.19403
vn -0.26994 -0.05754 0.96116
vn -0.55279 -0.83175 -0.05105
vn -0.41715 -0.81363 0.40496
vn -0.26391 -0.84101 0.47229
vn 0.10908 -0.95312 -0.28224
vn 0.53474 0.83136 -0.15129
vn -0.55094 -0.4572 -0.69816
vn -0.85713 -0.20188 0.47389
vn -0.68503 0.72785 -0.0312
vn -0.05927 -0.9975 0.03845
vn -0.4219 0.88137 -0.21259
vn 0.35195 0.82184 0.448
vn -0.26139 0.95451 0.14349
vn -0.75451 0.63554 0.16374
vn -0.16278 -0.97795 0.1308
vn 0.61346 0.11504 0.7813
vn -0.50752 0.7718 0.38307
vn -0.66406 -0.68379 -0.30241
vn -0.19799 0.96466 0.17385
vn 0.56745 -0.73068 -0.37962
vn -0.83555 0.50517 0.21599
vn 0.43233 0.83578 0.33847
vn 0.81596 -0.5262 -0.23941
vn 0.35694 -0.75957 0.54373
vn -0.69955 0.70925 -0.08711
vn 0.27078 -0.93793 -0.2167
vn 0.03743 0.99819 0.04705
vn -0.14443 -0.96968 0.19712
vn 0.03189 0.28257 0.95872
vn 0.11425 0.1766 0.97763
vn -0.77671 -0.07797 0.62501
vn 0.8168 0.38082 0.43337
vn -0.68789 0.07486 0.72195
vn -0.84205 0.45946 -0.28257
vn -0.3057 -0.17428 0.93604
vn -0.29161 -0.165 0.9422
vn -0.45566 -0.65823 -0.59926
vn -0.25608 -0.50352 0.82516
vn 0.44872 0.03604 0.89295
vn -0.13506 -0.96826 0.21031
vn -0.58427 -0.77667 -0.23539
vn 0.82716 -0.54989 -0.11585
vn 0.42247 -0.26828 0.86576
vn 0.45897 0.69883 -0.54861
vn -0.69637 -0.0763 -0.71362
vn 0.16741 0.95248 -0.25448
vn -0.79181 -0.57356 0.20992
vn -0.88054 0.00529 0.47394
vn -0.62326 -0.64578 0.44103
vn 0.55198 0.79242 -0.2596
vn 0.93173 0.30908 0.19066
vn -0.38757 0.1989 0.90013
vn -0.59186 -0.35379 0.72425
vn 0.12526 -0.599 -0.79089
vn 0.58783 -0.77811 0.22137
vn 0.44671 0.20985 0.86972
vn -0.31204 0.20378 -0.92796
vn 0.91142 -0.3807 -0.15613
vn -0.07811 0.0111 0.99688
vn -0.35379 -0.35769 -0.86423
vn -0.21278 -0.97608 0.04466
vn -0.12558 -0.98973 0.06827
vn 0.84086 0.0909 -0.53357
vn 0.89096 0.37631 0.25411
vn -0.34284 -0.86213 0.37308
vn 0.30466 -0.78182 -0.544
vn -0.60607 0.79445 0.03905
vn 0.46377 0.87169 -0.15832
vn -0.40062 -0.52332 0.75209
vn -0.84918 -0.06105 -0.52457
vn -0.92233 -0.38389 -0.04404
vn 0.56908 0.38605 0.72603
vn 0.65214 0.31648 0.68888
vn 0.62748 0.42062 -0.65524
vn 0.19363 -0.5395 -0.81942
vn -0.83488 -0.09274 0.54256
vn -0.05676 -0.42418 0.9038
vn -0.71135 0.69824 -0.08028
vn -0.60286 -0.0408 0.7968
vn -0.82749 0.32091 0.46074
vn 0.75608 0.50081 0.42135
vn 0.76401 0.48568 0.42473
vn -0.67745 0.08613 0.73051
vn -0.7987 0.51946 0.30371
vn -0.86768 0.33283 0.36927
vn 0.99929 -0.02315 0.02976
vn 0.28463 0.14804 0.94714
vn 0.26357 0.17168 0.94924
vn 0.88751 -0.00078 -0.4608
vn 0.87681 0.1837 0.44437
vn 0.936 -0.21024 -0.28231
vn -0.54534 0.5027 -0.67074
vn 0.40863 0.84729 0.33929
vn 0.56871 0.47963 0.66823
vn 0.00663 -0.68736 -0.72628
vn 0.67083 -0.18843 -0.71727
vn -0.67007 0.28678 -0.68466
vn -0.81667 -0.30808 0.488
vn 0.44529 -0.88357 -0.14498
vn -0.27839 0.69569 -0.66221
vn -0.50184 -0.39661 0.76867
vn 0.29247 0.04353 -0.95528
vn -0.46339 -0.09988 0.88051
vn 0.71311 0.69995 0.03924
vn 0.82796 -0.41952 -0.37214
vn 0.92477 0.38014 0.01695
vn -0.13939 -0.98963 -0.0346
vn -0.44739 -0.07053 0.89155
vn -0.44133 -0.07435 0.89426
vn -0.72895 -0.09228 0.67832
vn -0.83342 -0.0206 0.55225
vn -0.22546 0.83566 0.50085
vn -0.65246 0.50046 0.56907
vn 0.99614 0.08779 0.00105
vn 0.1465 -0.48653 -0.86129
vn 0.78842 -0.43719 -0.43273
vn -0.37514 0.79888 -0.47018
vn -0.891 -0.13272 -0.43417
vn -0.40891 0.38541 -0.8272
vn 0.10324 -0.92023 -0.37751
vn 0.95845 -0.25238 -0.13295
vn -0.19758 0.33154 0.92252
vn 0.87956 -0.38438 0.2804
vn 0.18066 0.66414 -0.72545
vn 0.76663 0.39682 -0.50478
vn -0.6637 0.25781 -0.70216
vn -0.70575 0.70588 0.06042
vn -0.72602 0.63681 -0.25955
vn -0.45797 0.77816 0.42981
vn -0.21198 -0.38513 0.89819
vn 0.85214 -0.00879 -0.52323
vn -0.40482 -0.28655 0.86834
vn 0.17681 -0.24271 0.95385
vn -0.18552 0.14453 0.97195
vn -0.3473 -0.85409 0.38718
vn 0.83591 0.40005 0.37578
vn 0.27123 0.79096 0.54847
vn -0.58119 0.61221 0.53611
vn -0.18518 0.82612 0.5322
vn 0.99581 0.04499 0.07956
vn 0.25937 0.67129 -0.69433
vn 0.55529 0.50503 -0.66075
vn 0.81763 0.56003 0.13362
vn 0.14047 -0.76181 0.63239
vn 0.1158 -0.66094 -0.74145
vn 0.76869 0.41027 -0.49071
vn 0.22722 -0.97383 0.00489
vn -0.45488 -0.39571 -0.79781
vn -0.28341 -0.7105 -0.6441
vn -0.28037 -0.71377 -0.64181
vn 0.99257 -0.01734 -0.12045
vn -0.5828 -0.08194 0.80848
vn 0.3799 0.45506 0.80536
vn 0.51558 -0.43222 0.73984
vn -0.62897 0.14562 0.76367
vn 0.82654 -0.49311 -0.27144
vn -0.23846 -0.8986 -0.36831
vn -0.8628 -0.46494 0.19853
vn 0.8719 0.44987 -0.19344
vn -0.21006 -0.80647 0.55271
vn 0.05841 -0.71597 0.69569
vn -0.35451 0.16745 -0.91994
vn -0.46439 -0.66887 0.58047
vn -0.72989 0.41413 0.54383
vn 0.9978 0.03793 0.05431
vn -0.29885 -0.70597 -0.6421
vn -0.72794 0.61791 -0.29714
vn 0.89388 -0.01884 0.44791
vn -0.58964 0.7429 -0.31689
vn 0.97233 -0.21264 0.09672
vn -0.20143 0.97046 -0.13282
vn -0.77806 0.54746 0.30807
vn 0.04362 -0.77686 -0.62816
vn -0.06397 0.52032 0.85157
vn -0.13389 -0.21378 0.96766
vn -0.87574 0.076 0.47677
vn 0.75878 -0.3272 0.5632
vn -0.26895 0.94685 0.17647
vn -0.92359 -0.27618 0.2659
vn 0.59021 -0.3972 0.70277
vn 0.68724 -0.21079 -0.69517
vn -0.86818 0.33419 -0.36685
vn -0.52171 -0.84687 -0.10311
vn -0.45279 0.76211 0.46279
vn -0.22788 -0.94464 0.23605
vn -0.11815 0.12891 0.98459
vn -0.11343 0.12676 0.98543
vn -0.04217 0.9356 0.35053
vn 0.13869 -0.93812 -0.31733
vn -0.8112 -0.53237 -0.24196
vn -0.79673 0.0253 -0.6038
vn -0.42898 -0.59855 -0.67655
vn 0.66558 0.71301 -0.22048
vn -0.79799 0.58832 -0.13075
vn -0.21038 -0.65371 0.72692
vn -0.23984 -0.95739 0.1609
vn -0.58559 -0.76656 -0.26358
vn 0.89526 0.40398 -0.18792
vn -0.83971 0.50702 0.19448
vn 0.02201 -0.99852 0.04973
vn 0.97498 0.19449 0.10765
vn -0.40864 0.88948 -0.20452
vn 0.68945 -0.10805 0.71623
vn 0.09669 -0.95119 0.29307
vn -0.15404 0.97789 0.14146
vn -0.7175 0.69159 0.08305
vn -0.9591 0.06561 0.27536
vn -0.97524 -0.0314 -0.21891
vn 0.59267 -0.79615 -0.12204
vn 0.93355 0.22341 -0.28032
vn -0.30711 0.9 0.30934
vn 0.65346 0.51161 0.55789
vn -0.51117 0.69662 0.50342
vn -0.64108 -0.28018 0.7145
vn -0.66612 0.33416 0.6668
vn 0.13988 -0.77117 0.62107
vn -0.61649 -0.43551 -0.65595
vn -0.61159 0.35646 0.70632
vn -0.97802 -0.19044 -0.08489
vn -0.04679 0.94605 0.32062
vn -0.05602 0.80825 -0.58617
vn 0.76977 -0.58394 0.25782
vn 0.39452 -0.18876 0.89929
vn -0.33271 -0.51302 -0.79127
vn -0.31937 -0.10285 0.94203
vn 0.97178 -0.22562 -0.06885
vn -0.73105 0.62327 -0.27767
vn 0.49543 0.24244 0.83413
vn -0.40438 0.91448 0.01399
vn -0.66594 -0.7334 -0.13655
vn 0.56579 -0.71944 -0.40285
vn 0.00033 0.67882 0.7343
vn -0.93163 -0.31551 0.18033
vn -0.78546 0.09474 0.61162
vn -0.38522 -0.20176 0.9005
vn -0.38522 -0.20176 0.9005
vn -0.1355 -0.95594 0.26043
vn -0.09015 0.9959 0.00786
vn 0.55853 -0.8237 0.09782
vn -0.57751 0.74405 -0.33596
vn -0.69992 -0.56233 -0.44034
vn -0.47572 0.87337 0.1045
vn -0.9166 -0.15033 0.37047
vn -0.7277 -0.63777 0.25238
vn -0.0549 -0.97065 -0.23416
vn -0.36957 0.9221 -0.11469
vn 0.61646 -0.30351 0.72654
vn 0.82497 0.50957 0.24446
vn -0.05109 0.80794 -0.58704
vn 0.29831 0.65886 -0.69059
vn 0.91345 -0.37869 0.14897
vn 0.16425 0.92595 -0.34005
vn -0.68047 0.51774 0.51856
vn -0.44739 0.07053 0.89155
vn -0.44133 0.07435 0.89426
vn 0.86685 -0.02566 -0.4979
vn -0.86275 -0.48482 0.14358
vn -0.40027 -0.01616 -0.91626
vn -0.40027 -0.01616 -0.91626
vn -0.88595 0.45701 -0.07891
vn 0.29887 0.84864 -0.43645
vn -0.26326 -0.93863 -0.22288
vn 0.52109 -0.37137 0.76847
vn -0.28209 0.70954 -0.64574
vn 0.21422 -0.35208 0.91113
vn 0.04349 -0.14059 0.98911
vn 0.78537 -0.39843 -0.47376
vn 0.78537 -0.39843 -0.47376
vn 0.80674 -0.38714 -0.44642
vn 0.28157 -0.14275 0.94886
vn -0 0 -1
vn 0 0 -1
vn -0 0 -1
vn -0 -0 -1
vn 0 0 -1
vn -0 -0 -1
vn -0 0 -1
vn -0 -0 -1
vn -0 -0 -1
vn -0 -0 -1
vn -0 0 -1
vn -0 0 -1
f 1//1 2//1 3//1
f 4//2 5//2 6//2
f 7//3 8//3 9//3
f 10//4 11//4 12//4
f 13//5 14//5 15//5
f 16//6 17//6 18//6
f 19//7 20//7 21//7
f 22//8 23//8 24//8
f 25//9 26//9 27//9
f 28//10 29//10 30//10
f 31//11 32//11 33//11
f 34//12 35//12 36//12
f 37//13 38//13 39//13
f 40//14 41//14 42//14
f 43//15 44//15 45//15
f 46//16 47//16 48//16
f 49//17 50//17 51//17
f 52//18 53//18 54//18
f 55//19 56//19 44//19
f 57//20 58//20 59//20
f 60//21 61//21 62//21
f 63//22 64//22 65//22
f 66//23 67//23 36//23
f 11//24 10//24 68//24
f 69//25 70//25 71//25
f 72//26 73//26 74//26
f 75//27 76//27 77//27
f 78//28 79//28 80//28
f 81//29 40//29 82//29
f 83//30 84//30 85//30
f 86//31 78//31 87//31
f 88//32 89//32 90//32
f 91//33 92//33 93//33
f 68//34 10//34 94//34
f 95//35 96//35 97//35
f 98//36 43//36 45//36
f 99//37 100//37 19//37
f 101//38 102//38 103//38
f 104//39 105//39 28//39
f 6//40 106//40 4//40
f 107//41 108//41 109//41
f 59//42 110//42 111//42
f 112//43 113//43 114//43
f 115//44 116//44 117//44
f 118//45 119//45 120//45
f 121//46 122//46 123//46
f 124//47 125//47 126//47
f 127//48 128//48 129//48
f 130//49 131//49 45//49
f 132//50 133//50 134//50
f 135//51 136//51 73//51
f 137//52 8//52 138//52
f 139//53 140//53 141//53
f 83//54 142//54 143//54
f 144//55 145//55 146//55
f 147//56 148//56 3//56
f 149//57 150//57 151//57
f 152//58 153//58 154//58
f 155//59 156//59 157//59
f 158//60 159//60 160//60
f 161//61 46//61 162//61
f 40//62 42//62 163//62
f 164//63 165//63 166//63
f 167//64 168//64 169//64
f 170//65 171//65 172//65
f 173//66 174//66 175//66
f 176//67 148//67 177//67
f 178//68 179//68 180//68
f 181//69 111//69 182//69
f 183//70 184//70 185//70
f 183//71 186//71 184//71
f 184//72 186//72 187//72
f 188//73 189//73 32//73
f 139//74 190//74 191//74
f 192//75 193//75 136//75
f 194//76 195//76 196//76
f 194//77 197//77 195//77
f 198//78 199//78 200//78
f 201//79 112//79 202//79
f 201//80 203//80 112//80
f 204//81 205//81 206//81
f 207//82 208//82 209//82
f 210//83 211//83 212//83
f 66//84 182//84 213//84
f 214//85 215//85 216//85
f 217//86 218//86 219//86
f 200//87 220//87 221//87
f 222//88 130//88 223//88
f 54//89 224//89 225//89
f 226//90 227//90 228//90
f 229//91 230//91 231//91
f 232//92 233//92 185//92
f 234//93 235//93 236//93
f 237//94 238//94 239//94
f 240//95 241//95 242//95
f 243//96 244//96 245//96
f 246//97 247//97 248//97
f 249//98 52//98 225//98
f 121//99 250//99 251//99
f 252//100 1//100 253//100
f 254//101 255//101 256//101
f 257//102 26//102 219//102
f 258//103 216//103 215//103
f 158//104 134//104 259//104
f 158//105 259//105 159//105
f 260//106 261//106 262//106
f 263//107 23//107 22//107
f 264//108 265//108 266//108
f 267//109 110//109 268//109
f 269//110 270//110 271//110
f 272//111 273//111 274//111
f 275//112 276//112 277//112
f 247//113 224//113 278//113
f 279//114 280//114 281//114
f 282//115 283//115 284//115
f 216//116 285//116 286//116
f 287//117 288//117 289//117
f 207//118 143//118 142//118
f 290//119 291//119 292//119
f 80//120 293//120 294//120
f 295//121 296//121 297//121
f 298//122 299//122 300//122
f 301//123 302//123 303//123
f 28//124 304//124 29//124
f 46//125 161//125 47//125
f 305//126 201//126 306//126
f 307//127 104//127 308//127
f 213//128 309//128 66//128
f 182//129 310//129 17//129
f 274//130 311//130 218//130
f 113//131 112//131 312//131
f 313//132 314//132 76//132
f 315//133 21//133 316//133
f 317//134 119//134 318//134
f 319//135 113//135 312//135
f 320//136 321//136 322//136
f 307//137 323//137 324//137
f 134//138 325//138 276//138
f 221//139 220//139 4//139
f 284//140 283//140 326//140
f 211//141 327//141 212//141
f 328//142 329//142 330//142
f 331//143 332//143 257//143
f 333//144 334//144 335//144
f 336//145 116//145 115//145
f 337//146 338//146 271//146
f 173//147 160//147 339//147
f 340//148 172//148 341//148
f 171//149 342//149 343//149
f 344//150 345//150 346//150
f 347//151 348//151 349//151
f 154//152 153//152 167//152
f 350//153 351//153 352//153
f 350//154 353//154 351//154
f 193//155 74//155 73//155
f 292//156 354//156 355//156
f 356//157 357//157 358//157
f 359//158 360//158 361//158
f 362//159 363//159 264//159
f 281//160 364//160 365//160
f 366//161 31//161 367//161
f 368//162 311//162 231//162
f 369//163 370//163 371//163
f 225//164 224//164 372//164
f 173//165 123//165 160//165
f 373//166 374//166 375//166
f 18//167 376//167 377//167
f 243//168 328//168 244//168
f 136//169 378//169 192//169
f 379//170 25//170 380//170
f 345//171 381//171 382//171
f 383//172 327//172 384//172
f 10//173 385//173 386//173
f 387//174 268//174 110//174
f 179//175 388//175 389//175
f 390//176 391//176 392//176
f 141//177 249//177 225//177
f 393//178 248//178 394//178
f 395//179 358//179 273//179
f 246//180 248//180 396//180
f 397//181 398//181 399//181
f 95//182 400//182 261//182
f 95//183 353//183 400//183
f 204//184 401//184 205//184
f 357//185 240//185 402//185
f 403//186 404//186 405//186
f 406//187 407//187 408//187
f 148//188 409//188 410//188
f 302//189 411//189 412//189
f 302//190 301//190 411//190
f 413//191 414//191 415//191
f 280//192 390//192 364//192
f 174//193 173//193 129//193
f 416//194 417//194 418//194
f 416//195 337//195 417//195
f 419//196 420//196 421//196
f 422//197 423//197 424//197
f 425//198 189//198 426//198
f 73//199 72//199 427//199
f 428//200 429//200 405//200
f 430//201 405//201 429//201
f 431//202 432//202 433//202
f 390//203 434//203 391//203
f 212//204 327//204 383//204
f 377//205 15//205 20//205
f 147//206 360//206 359//206
f 435//207 76//207 436//207
f 437//208 438//208 204//208
f 439//209 389//209 440//209
f 117//210 441//210 405//210
f 442//211 443//211 444//211
f 442//212 445//212 443//212
f 446//213 445//213 442//213
f 200//214 199//214 385//214
f 447//215 393//215 408//215
f 448//216 236//216 449//216
f 429//217 428//217 450//217
f 48//218 451//218 452//218
f 453//219 454//219 365//219
f 36//220 35//220 255//220
f 439//221 455//221 5//221
f 456//222 457//222 458//222
f 422//223 424//223 459//223
f 362//224 264//224 266//224
f 354//225 292//225 425//225
f 460//226 232//226 185//226
f 184//227 461//227 185//227
f 57//228 462//228 373//228
f 20//229 14//229 463//229
f 458//230 464//230 465//230
f 466//231 404//231 467//231
f 468//232 388//232 469//232
f 168//233 267//233 169//233
f 470//234 56//234 156//234
f 271//235 227//235 226//235
f 471//236 472//236 473//236
f 131//237 474//237 67//237
f 370//238 167//238 475//238
f 436//239 75//239 476//239
f 333//240 257//240 329//240
f 477//241 336//241 115//241
f 148//242 410//242 177//242
f 424//243 478//243 479//243
f 68//244 480//244 11//244
f 308//245 104//245 481//245
f 482//246 298//246 483//246
f 482//247 484//247 298//247
f 394//248 485//248 406//248
f 486//249 289//249 487//249
f 7//250 9//250 488//250
f 214//251 335//251 489//251
f 490//252 406//252 491//252
f 423//253 492//253 493//253
f 92//254 144//254 93//254
f 108//255 347//255 494//255
f 287//256 454//256 453//256
f 419//257 421//257 221//257
f 32//258 425//258 33//258
f 495//259 206//259 205//259
f 496//260 497//260 498//260
f 499//261 79//261 500//261
f 501//262 502//262 503//262
f 504//263 79//263 499//263
f 472//264 91//264 93//264
f 505//265 231//265 230//265
f 398//266 501//266 299//266
f 398//267 506//267 501//267
f 507//268 14//268 508//268
f 254//269 256//269 376//269
f 69//270 341//270 172//270
f 311//271 229//271 231//271
f 457//272 368//272 231//272
f 509//273 510//273 137//273
f 269//274 271//274 226//274
f 18//275 377//275 100//275
f 237//276 253//276 1//276
f 201//277 305//277 511//277
f 512//278 196//278 195//278
f 196//279 512//279 411//279
f 79//280 78//280 513//280
f 34//281 38//281 37//281
f 514//282 515//282 516//282
f 517//283 518//283 519//283
f 483//284 300//284 520//284
f 483//285 298//285 300//285
f 476//286 521//286 211//286
f 42//287 41//287 522//287
f 396//288 393//288 523//288
f 524//289 525//289 390//289
f 369//290 55//290 168//290
f 424//291 322//291 459//291
f 357//292 402//292 358//292
f 526//293 262//293 302//293
f 488//294 393//294 447//294
f 454//295 287//295 289//295
f 60//296 77//296 92//296
f 527//297 528//297 529//297
f 421//298 530//298 198//298
f 265//299 531//299 532//299
f 475//300 533//300 534//300
f 335//301 328//301 243//301
f 129//302 173//302 438//302
f 121//303 123//303 175//303
f 230//304 402//304 518//304
f 353//305 535//305 351//305
f 353//306 95//306 535//306
f 427//307 135//307 73//307
f 23//308 263//308 339//308
f 420//309 155//309 536//309
f 107//310 81//310 348//310
f 537//311 526//311 538//311
f 536//312 539//312 530//312
f 128//313 503//313 540//313
f 390//314 392//314 364//314
f 456//315 458//315 465//315
f 383//316 207//316 125//316
f 53//317 374//317 541//317
f 85//318 57//318 83//318
f 195//319 197//319 512//319
f 329//320 219//320 542//320
f 54//321 99//321 224//321
f 543//322 315//322 544//322
f 2//323 252//323 286//323
f 342//324 246//324 343//324
f 545//325 250//325 175//325
f 546//326 547//326 233//326
f 546//327 548//327 547//327
f 66//328 36//328 310//328
f 92//329 149//329 144//329
f 549//330 341//330 69//330
f 550//331 3//331 2//331
f 365//332 426//332 189//332
f 551//333 314//333 525//333
f 552//334 511//334 305//334
f 552//335 553//335 511//335
f 379//336 554//336 272//336
f 120//337 119//337 279//337
f 555//338 439//338 5//338
f 554//339 395//339 272//339
f 81//340 82//340 556//340
f 534//341 533//341 557//341
f 223//342 130//342 433//342
f 558//343 559//343 486//343
f 560//344 363//344 362//344
f 36//345 255//345 254//345
f 130//346 49//346 433//346
f 560//347 362//347 561//347
f 144//348 149//348 151//348
f 265//349 562//349 517//349
f 509//350 304//350 105//350
f 563//351 172//351 340//351
f 518//352 402//352 240//352
f 564//353 245//353 565//353
f 89//354 126//354 514//354
f 297//355 296//355 42//355
f 355//356 354//356 566//356
f 420//357 156//357 155//357
f 512//358 29//358 304//358
f 498//359 497//359 567//359
f 561//360 362//360 228//360
f 157//361 156//361 568//361
f 500//362 513//362 569//362
f 343//363 246//363 523//363
f 47//364 209//364 570//364
f 502//365 501//365 506//365
f 571//366 350//366 548//366
f 571//367 303//367 350//367
f 400//368 302//368 572//368
f 100//369 99//369 16//369
f 523//370 393//370 488//370
f 573//371 397//371 399//371
f 574//372 475//372 534//372
f 223//373 433//373 432//373
f 478//374 423//374 493//374
f 320//375 322//375 575//375
f 418//376 363//376 560//376
f 576//377 257//377 214//377
f 547//378 548//378 352//378
f 501//379 503//379 577//379
f 400//380 572//380 261//380
f 578//381 579//381 386//381
f 72//382 290//382 427//382
f 432//383 6//383 580//383
f 159//384 24//384 339//384
f 316//385 21//385 463//385
f 581//386 315//386 316//386
f 256//387 251//387 15//387
f 431//388 106//388 6//388
f 274//389 217//389 582//389
f 583//390 165//390 122//390
f 303//391 571//391 301//391
f 338//392 227//392 271//392
f 244//393 328//393 330//393
f 94//394 579//394 41//394
f 140//395 451//395 48//395
f 430//396 403//396 405//396
f 314//397 551//397 150//397
f 584//398 585//398 368//398
f 443//399 586//399 444//399
f 444//400 587//400 588//400
f 444//401 586//401 587//401
f 511//402 589//402 201//402
f 302//403 262//403 572//403
f 320//404 147//404 321//404
f 104//405 22//405 481//405
f 590//406 591//406 592//406
f 590//407 593//407 591//407
f 498//408 567//408 220//408
f 140//409 249//409 141//409
f 249//410 208//410 594//410
f 595//411 152//411 61//411
f 596//412 462//412 181//412
f 480//413 108//413 597//413
f 598//414 89//414 88//414
f 156//415 56//415 568//415
f 76//416 75//416 436//416
f 599//417 600//417 601//417
f 82//418 146//418 556//418
f 306//419 202//419 588//419
f 398//420 298//420 442//420
f 398//421 299//421 298//421
f 602//422 97//422 96//422
f 315//423 603//423 544//423
f 328//424 335//424 334//424
f 472//425 471//425 91//425
f 17//426 310//426 18//426
f 90//427 514//427 101//427
f 94//428 10//428 579//428
f 604//429 605//429 194//429
f 44//430 56//430 470//430
f 120//431 365//431 454//431
f 517//432 519//432 531//432
f 606//433 372//433 246//433
f 366//434 361//434 31//434
f 324//435 323//435 510//435
f 97//436 602//436 607//436
f 294//437 78//437 80//437
f 137//438 608//438 8//438
f 479//439 409//439 320//439
f 609//440 215//440 610//440
f 252//441 2//441 1//441
f 104//442 28//442 22//442
f 611//443 278//443 19//443
f 204//444 206//444 127//444
f 147//445 359//445 612//445
f 519//446 242//446 613//446
f 122//447 165//447 164//447
f 227//448 614//448 228//448
f 108//449 68//449 94//449
f 22//450 30//450 615//450
f 22//451 615//451 263//451
f 506//452 398//452 397//452
f 263//453 615//453 616//453
f 552//454 617//454 547//454
f 618//455 547//455 617//455
f 618//455 233//455 547//455
f 153//456 595//456 533//456
f 253//457 619//457 331//457
f 620//458 35//458 122//458
f 236//459 313//459 435//459
f 275//460 132//460 134//460
f 116//461 336//461 621//461
f 346//462 622//462 623//462
f 419//463 221//463 106//463
f 479//464 575//464 424//464
f 624//465 625//465 626//465
f 145//466 151//466 551//466
f 627//467 43//467 98//467
f 596//468 17//468 16//468
f 528//469 214//469 489//469
f 201//470 312//470 203//470
f 312//471 201//471 589//471
f 89//472 514//472 90//472
f 475//473 153//473 533//473
f 562//474 265//474 264//474
f 53//475 541//475 628//475
f 123//476 122//476 164//476
f 629//477 135//477 566//477
f 164//478 166//478 158//478
f 102//479 624//479 103//479
f 25//480 599//480 380//480
f 630//481 535//481 97//481
f 630//482 553//482 535//482
f 116//483 621//483 441//483
f 298//484 446//484 442//484
f 298//485 484//485 446//485
f 417//486 162//486 46//486
f 354//487 631//487 566//487
f 626//488 417//488 337//488
f 626//489 632//489 417//489
f 633//490 532//490 284//490
f 80//491 307//491 293//491
f 490//492 407//492 406//492
f 349//493 145//493 551//493
f 64//494 325//494 65//494
f 133//495 481//495 259//495
f 602//496 630//496 607//496
f 602//497 407//497 630//497
f 554//498 379//498 380//498
f 48//499 570//499 249//499
f 39//500 38//500 634//500
f 535//501 552//501 547//501
f 535//502 553//502 552//502
f 182//503 66//503 310//503
f 64//504 564//504 325//504
f 272//505 395//505 273//505
f 329//506 635//506 330//506
f 168//507 636//507 267//507
f 414//508 413//508 124//508
f 175//509 250//509 121//509
f 637//510 638//510 82//510
f 639//511 640//511 641//511
f 118//512 642//512 643//512
f 172//513 563//513 170//513
f 132//514 293//514 308//514
f 180//515 179//515 389//515
f 134//516 133//516 259//516
f 233//517 232//517 546//517
f 376//518 256//518 15//518
f 364//519 426//519 365//519
f 510//520 644//520 137//520
f 380//521 356//521 554//521
f 526//522 138//522 262//522
f 11//523 645//523 12//523
f 248//524 544//524 394//524
f 41//525 646//525 522//525
f 160//526 159//526 339//526
f 247//527 278//527 611//527
f 639//528 558//528 487//528
f 64//529 647//529 648//529
f 19//530 377//530 20//530
f 102//531 649//531 625//531
f 488//532 447//532 7//532
f 322//533 242//533 459//533
f 78//534 86//534 569//534
f 157//535 650//535 296//535
f 489//536 335//536 243//536
f 204//537 127//537 437//537
f 77//538 521//538 75//538
f 594//539 52//539 249//539
f 295//540 155//540 157//540
f 170//541 342//541 171//541
f 388//542 179//542 344//542
f 39//543 583//543 37//543
f 651//544 119//544 118//544
f 126//545 515//545 514//545
f 601//546 652//546 599//546
f 566//547 427//547 355//547
f 435//548 653//548 236//548
f 437//549 127//549 129//549
f 392//550 425//550 426//550
f 392//551 354//551 425//551
f 622//552 403//552 469//552
f 86//553 87//553 277//553
f 124//554 126//554 414//554
f 598//555 654//555 326//555
f 287//556 3//556 550//556
f 525//557 314//557 434//557
f 616//558 590//558 592//558
f 616//559 605//559 590//559
f 273//560 402//560 230//560
f 293//561 307//561 308//561
f 645//562 318//562 651//562
f 177//563 410//563 493//563
f 655//564 534//564 557//564
f 314//565 150//565 76//565
f 70//566 608//566 644//566
f 656//567 238//567 237//567
f 515//568 125//568 207//568
f 391//569 434//569 234//569
f 76//570 149//570 77//570
f 379//571 582//571 26//571
f 603//572 581//572 319//572
f 276//573 275//573 134//573
f 461//574 657//574 658//574
f 461//575 659//575 657//575
f 658//576 460//576 185//576
f 209//577 208//577 570//577
f 363//578 139//578 264//578
f 660//579 609//579 610//579
f 453//580 147//580 3//580
f 522//581 297//581 42//581
f 621//582 428//582 441//582
f 661//583 662//583 239//583
f 141//584 606//584 190//584
f 480//585 318//585 11//585
f 327//586 663//586 84//586
f 548//587 546//587 571//587
f 633//588 362//588 266//588
f 393//589 664//589 408//589
f 156//590 420//590 419//590
f 375//591 83//591 57//591
f 477//592 665//592 666//592
f 64//593 648//593 381//593
f 414//594 89//594 598//594
f 61//595 152//595 62//595
f 555//596 567//596 180//596
f 308//597 481//597 133//597
f 449//598 415//598 629//598
f 127//599 503//599 128//599
f 437//600 129//600 438//600
f 432//601 580//601 634//601
f 466//602 117//602 405//602
f 492//603 601//603 661//603
f 529//604 178//604 567//604
f 623//605 469//605 388//605
f 568//606 371//606 650//606
f 526//607 302//607 412//607
f 571//608 667//608 301//608
f 668//609 465//609 464//609
f 579//610 10//610 386//610
f 640//611 639//611 487//611
f 70//612 323//612 71//612
f 279//613 281//613 120//613
f 481//614 22//614 259//614
f 267//615 268//615 669//615
f 600//616 619//616 662//616
f 649//617 102//617 670//617
f 396//618 248//618 393//618
f 239//619 662//619 253//619
f 283//620 135//620 629//620
f 570//621 208//621 249//621
f 173//622 175//622 123//622
f 142//623 375//623 671//623
f 390//624 280//624 672//624
f 71//625 323//625 307//625
f 119//626 317//626 279//626
f 399//627 444//627 588//627
f 399//628 398//628 444//628
f 131//629 67//629 309//629
f 247//630 611//630 543//630
f 673//631 674//631 637//631
f 375//632 374//632 671//632
f 655//633 557//633 673//633
f 194//634 605//634 30//634
f 540//635 508//635 14//635
f 611//636 19//636 21//636
f 285//637 675//637 288//637
f 636//638 627//638 110//638
f 215//639 214//639 528//639
f 450//640 428//640 440//640
f 216//641 576//641 214//641
f 164//642 158//642 123//642
f 674//643 638//643 637//643
f 512//644 538//644 411//644
f 288//645 675//645 640//645
f 343//646 523//646 9//646
f 672//647 494//647 524//647
f 284//648 532//648 531//648
f 256//649 255//649 251//649
f 258//650 215//650 609//650
f 636//651 43//651 627//651
f 645//652 118//652 527//652
f 451//653 139//653 418//653
f 47//654 161//654 516//654
f 676//655 467//655 648//655
f 487//656 558//656 486//656
f 308//657 133//657 132//657
f 162//658 417//658 632//658
f 628//659 462//659 596//659
f 42//660 296//660 163//660
f 229//661 273//661 230//661
f 169//662 669//662 167//662
f 316//663 463//663 507//663
f 22//664 24//664 259//664
f 261//665 572//665 262//665
f 41//666 579//666 646//666
f 44//667 470//667 50//667
f 674//668 472//668 638//668
f 675//669 285//669 216//669
f 57//670 85//670 58//670
f 633//671 326//671 362//671
f 35//672 37//672 583//672
f 349//673 556//673 145//673
f 218//674 542//674 219//674
f 274//675 582//675 272//675
f 433//676 49//676 51//676
f 171//677 9//677 8//677
f 584//678 368//678 457//678
f 587//679 677//679 588//679
f 588//680 678//680 306//680
f 588//681 677//681 678//681
f 198//682 530//682 199//682
f 679//683 655//683 650//683
f 88//684 103//684 680//684
f 606//685 342//685 190//685
f 38//686 222//686 223//686
f 649//687 670//687 162//687
f 670//688 161//688 162//688
f 72//689 291//689 290//689
f 72//690 367//690 291//690
f 614//691 681//691 561//691
f 318//692 645//692 11//692
f 407//693 682//693 630//693
f 634//694 666//694 39//694
f 111//695 213//695 182//695
f 476//696 211//696 210//696
f 337//697 270//697 626//697
f 533//698 473//698 557//698
f 32//699 31//699 361//699
f 364//700 392//700 426//700
f 600//701 599//701 25//701
f 373//702 375//702 57//702
f 629//703 598//703 326//703
f 464//704 517//704 683//704
f 585//705 569//705 542//705
f 495//706 577//706 206//706
f 495//707 299//707 577//707
f 652//708 380//708 599//708
f 371//709 574//709 679//709
f 438//710 173//710 339//710
f 468//711 469//711 684//711
f 680//712 103//712 269//712
f 670//713 101//713 685//713
f 441//714 117//714 116//714
f 659//715 461//715 184//715
f 616//716 686//716 263//716
f 126//717 125//717 515//717
f 319//718 581//718 113//718
f 138//719 260//719 262//719
f 619//720 253//720 662//720
f 372//721 224//721 247//721
f 541//722 462//722 628//722
f 333//723 329//723 334//723
f 179//724 687//724 245//724
f 428//725 621//725 440//725
f 245//726 244//726 565//726
f 641//727 660//727 639//727
f 641//728 609//728 660//728
f 148//729 147//729 409//729
f 62//730 663//730 327//730
f 667//731 546//731 232//731
f 667//732 571//732 546//732
f 131//733 130//733 474//733
f 561//734 228//734 614//734
f 485//735 491//735 406//735
f 423//736 478//736 424//736
f 140//737 139//737 451//737
f 72//738 74//738 367//738
f 399//739 588//739 202//739
f 310//740 36//740 254//740
f 83//741 375//741 142//741
f 459//742 242//742 241//742
f 312//743 688//743 319//743
f 531//744 519//744 282//744
f 401//745 495//745 205//745
f 401//746 591//746 495//746
f 525//747 349//747 551//747
f 350//748 400//748 353//748
f 492//749 422//749 459//749
f 124//750 212//750 125//750
f 26//751 217//751 219//751
f 404//752 622//752 467//752
f 404//753 403//753 622//753
f 28//754 30//754 22//754
f 38//755 474//755 222//755
f 180//756 389//756 439//756
f 600//757 27//757 332//757
f 310//758 254//758 18//758
f 577//759 299//759 501//759
f 326//760 654//760 362//760
f 671//761 594//761 208//761
f 589//762 490//762 491//762
f 48//763 452//763 46//763
f 689//764 419//764 106//764
f 387//765 110//765 59//765
f 113//766 690//766 507//766
f 661//767 239//767 492//767
f 642//768 559//768 643//768
f 225//769 52//769 54//769
f 255//770 35//770 620//770
f 128//771 174//771 129//771
f 346//772 345//772 622//772
f 58//773 387//773 59//773
f 564//774 381//774 345//774
f 299//775 495//775 300//775
f 504//776 71//776 79//776
f 666//777 63//777 39//777
f 639//778 660//778 558//778
f 207//779 209//779 515//779
f 533//780 595//780 691//780
f 286//781 576//781 216//781
f 537//782 138//782 526//782
f 489//783 243//783 687//783
f 322//784 378//784 242//784
f 273//785 229//785 274//785
f 417//786 46//786 452//786
f 242//787 378//787 613//787
f 344//788 623//788 388//788
f 120//789 454//789 642//789
f 671//790 374//790 594//790
f 628//791 596//791 16//791
f 359//792 366//792 612//792
f 242//793 519//793 240//793
f 14//794 13//794 692//794
f 453//795 188//795 360//795
f 583//796 39//796 165//796
f 40//797 109//797 41//797
f 539//798 295//798 522//798
f 101//799 670//799 102//799
f 434//800 314//800 313//800
f 372//801 247//801 246//801
f 296//802 655//802 673//802
f 560//803 416//803 418//803
f 438//804 339//804 401//804
f 643//805 610//805 215//805
f 622//806 345//806 382//806
f 274//807 218//807 217//807
f 43//808 636//808 55//808
f 439//809 440//809 621//809
f 658//810 693//810 301//810
f 497//811 527//811 529//811
f 463//812 14//812 507//812
f 694//813 614//813 338//813
f 56//814 371//814 568//814
f 245//815 687//815 243//815
f 248//816 543//816 544//816
f 221//817 198//817 200//817
f 362//818 654//818 228//818
f 2//819 285//819 550//819
f 642//820 289//820 486//820
f 127//821 206//821 577//821
f 693//822 411//822 301//822
f 695//823 154//823 669//823
f 365//824 189//824 453//824
f 258//825 675//825 216//825
f 60//826 62//826 521//826
f 139//827 141//827 190//827
f 370//828 574//828 371//828
f 563//829 190//829 342//829
f 425//830 291//830 33//830
f 214//831 333//831 335//831
f 598//832 88//832 226//832
f 70//833 644//833 323//833
f 277//834 696//834 697//834
f 698//835 237//835 177//835
f 464//836 458//836 517//836
f 545//837 175//837 174//837
f 697//838 244//838 330//838
f 695//839 152//839 154//839
f 567//840 178//840 180//840
f 15//841 251//841 13//841
f 527//842 643//842 528//842
f 640//843 675//843 641//843
f 178//844 529//844 687//844
f 659//845 194//845 657//845
f 659//846 604//846 194//846
f 536//847 155//847 539//847
f 472//848 93//848 638//848
f 16//849 18//849 100//849
f 507//850 508//850 502//850
f 235//851 434//851 313//851
f 676//852 665//852 466//852
f 676//853 647//853 665//853
f 184//854 593//854 590//854
f 184//855 187//855 593//855
f 494//856 347//856 524//856
f 632//857 649//857 162//857
f 250//858 545//858 692//858
f 300//859 699//859 520//859
f 300//860 495//860 699//860
f 77//861 149//861 92//861
f 318//862 119//862 651//862
f 61//863 60//863 471//863
f 324//864 509//864 105//864
f 257//865 332//865 26//865
f 602//866 447//866 408//866
f 433//867 51//867 431//867
f 127//868 577//868 503//868
f 270//869 624//869 626//869
f 40//870 637//870 82//870
f 550//871 285//871 288//871
f 575//872 479//872 320//872
f 234//873 236//873 448//873
f 584//874 456//874 500//874
f 668//875 504//875 499//875
f 295//876 297//876 522//876
f 107//877 109//877 81//877
f 34//878 67//878 474//878
f 172//879 608//879 70//879
f 287//880 550//880 288//880
f 455//881 336//881 700//881
f 100//882 377//882 19//882
f 88//883 90//883 103//883
f 613//884 378//884 136//884
f 603//885 485//885 544//885
f 631//886 448//886 566//886
f 530//887 578//887 199//887
f 631//888 234//888 448//888
f 611//889 315//889 543//889
f 101//890 514//890 685//890
f 59//891 111//891 181//891
f 697//892 330//892 635//892
f 494//893 597//893 108//893
f 611//894 21//894 315//894
f 62//895 152//895 663//895
f 694//896 338//896 416//896
f 67//897 34//897 36//897
f 118//898 120//898 642//898
f 279//899 597//899 672//899
f 682//900 490//900 511//900
f 593//901 187//901 520//901
f 701//902 7//902 447//902
f 7//903 701//903 260//903
f 629//904 414//904 598//904
f 168//905 370//905 369//905
f 20//906 15//906 14//906
f 500//907 585//907 584//907
f 702//908 306//908 678//908
f 702//909 305//909 306//909
f 596//910 181//910 182//910
f 417//911 451//911 418//911
f 450//912 468//912 430//912
f 399//913 112//913 573//913
f 399//914 202//914 112//914
f 561//915 681//915 694//915
f 453//916 360//916 147//916
f 69//917 172//917 70//917
f 169//918 267//918 669//918
f 384//919 327//919 84//919
f 207//920 671//920 208//920
f 514//921 516//921 685//921
f 281//922 280//922 364//922
f 271//923 270//923 337//923
f 627//924 98//924 213//924
f 267//925 636//925 110//925
f 292//926 427//926 290//926
f 683//927 340//927 341//927
f 222//928 474//928 130//928
f 414//929 126//929 89//929
f 521//930 62//930 211//930
f 184//931 604//931 659//931
f 184//932 590//932 604//932
f 598//933 226//933 654//933
f 157//934 568//934 650//934
f 596//935 182//935 17//935
f 74//936 193//936 612//936
f 14//937 692//937 540//937
f 223//938 432//938 634//938
f 421//939 420//939 536//939
f 79//940 513//940 500//940
f 39//941 65//941 165//941
f 151//942 145//942 144//942
f 64//943 381//943 564//943
f 34//944 37//944 35//944
f 459//945 241//945 492//945
f 600//946 25//946 27//946
f 58//947 268//947 387//947
f 377//948 376//948 15//948
f 280//949 279//949 672//949
f 339//950 24//950 23//950
f 325//951 565//951 276//951
f 485//952 603//952 491//952
f 289//953 640//953 487//953
f 606//954 246//954 342//954
f 74//955 366//955 367//955
f 689//956 106//956 431//956
f 207//957 383//957 143//957
f 539//958 155//958 295//958
f 466//959 477//959 115//959
f 421//960 536//960 530//960
f 45//961 49//961 130//961
f 653//962 210//962 124//962
f 576//963 253//963 331//963
f 93//964 144//964 146//964
f 355//965 427//965 292//965
f 212//966 383//966 125//966
f 411//967 693//967 196//967
f 398//968 442//968 444//968
f 430//969 429//969 450//969
f 168//970 167//970 370//970
f 382//971 648//971 467//971
f 417//972 452//972 451//972
f 128//973 545//973 174//973
f 492//974 239//974 703//974
f 582//975 217//975 26//975
f 574//976 534//976 679//976
f 360//977 32//977 361//977
f 191//978 190//978 563//978
f 683//979 341//979 549//979
f 457//980 505//980 458//980
f 200//981 498//981 220//981
f 171//982 343//982 9//982
f 277//983 87//983 275//983
f 193//984 73//984 136//984
f 139//985 191//985 264//985
f 379//986 272//986 582//986
f 703//987 493//987 492//987
f 91//988 60//988 92//988
f 213//989 98//989 309//989
f 527//990 118//990 643//990
f 635//991 542//991 697//991
f 623//992 622//992 469//992
f 697//993 696//993 244//993
f 626//994 625//994 632//994
f 561//995 694//995 416//995
f 34//996 474//996 38//996
f 516//997 209//997 47//997
f 704//998 518//998 517//998
f 560//999 561//999 416//999
f 477//1000 580//1000 700//1000
f 673//1001 637//1001 163//1001
f 703//1002 239//1002 656//1002
f 502//1003 114//1003 507//1003
f 90//1004 101//1004 103//1004
f 97//1005 535//1005 95//1005
f 486//1006 559//1006 642//1006
f 318//1007 480//1007 317//1007
f 159//1008 259//1008 24//1008
f 47//1009 570//1009 48//1009
f 439//1010 555//1010 180//1010
f 338//1011 614//1011 227//1011
f 669//1012 154//1012 167//1012
f 304//1013 537//1013 512//1013
f 695//1014 669//1014 268//1014
f 468//1015 684//1015 430//1015
f 323//1016 644//1016 510//1016
f 476//1017 75//1017 521//1017
f 245//1018 564//1018 345//1018
f 309//1019 98//1019 131//1019
f 2//1020 286//1020 285//1020
f 45//1021 44//1021 50//1021
f 449//1022 566//1022 448//1022
f 166//1023 134//1023 158//1023
f 581//1024 316//1024 690//1024
f 614//1025 694//1025 681//1025
f 257//1026 333//1026 214//1026
f 646//1027 539//1027 522//1027
f 629//1028 415//1028 414//1028
f 644//1029 608//1029 137//1029
f 696//1030 276//1030 565//1030
f 270//1031 269//1031 624//1031
f 589//1032 511//1032 490//1032
f 609//1033 641//1033 258//1033
f 10//1034 12//1034 385//1034
f 392//1035 391//1035 631//1035
f 590//1036 605//1036 604//1036
f 275//1037 293//1037 132//1037
f 53//1038 628//1038 16//1038
f 6//1039 5//1039 580//1039
f 578//1040 386//1040 199//1040
f 124//1041 210//1041 212//1041
f 683//1042 549//1042 464//1042
f 460//1043 667//1043 232//1043
f 661//1044 601//1044 662//1044
f 374//1045 373//1045 541//1045
f 8//1046 7//1046 260//1046
f 134//1047 166//1047 325//1047
f 50//1048 49//1048 45//1048
f 436//1049 653//1049 435//1049
f 524//1050 347//1050 349//1050
f 493//1051 703//1051 177//1051
f 540//1052 545//1052 128//1052
f 60//1053 91//1053 471//1053
f 51//1054 470//1054 689//1054
f 115//1055 117//1055 466//1055
f 532//1056 633//1056 266//1056
f 502//1057 508//1057 540//1057
f 60//1058 521//1058 77//1058
f 656//1059 237//1059 698//1059
f 480//1060 68//1060 108//1060
f 251//1061 620//1061 121//1061
f 542//1062 277//1062 697//1062
f 27//1063 26//1063 332//1063
f 666//1064 634//1064 580//1064
f 199//1065 386//1065 385//1065
f 84//1066 695//1066 85//1066
f 625//1067 624//1067 102//1067
f 152//1068 84//1068 663//1068
f 321//1069 193//1069 192//1069
f 692//1070 545//1070 540//1070
f 499//1071 500//1071 456//1071
f 29//1072 197//1072 705//1072
f 226//1073 88//1073 680//1073
f 321//1074 192//1074 378//1074
f 278//1075 224//1075 99//1075
f 449//1076 236//1076 415//1076
f 462//1077 59//1077 181//1077
f 562//1078 340//1078 683//1078
f 260//1079 138//1079 8//1079
f 252//1080 253//1080 286//1080
f 366//1081 74//1081 612//1081
f 416//1082 338//1082 337//1082
f 652//1083 357//1083 356//1083
f 289//1084 288//1084 640//1084
f 423//1085 422//1085 492//1085
f 517//1086 531//1086 265//1086
f 615//1087 605//1087 616//1087
f 261//1088 96//1088 95//1088
f 54//1089 53//1089 99//1089
f 702//1090 706//1090 305//1090
f 706//1091 552//1091 305//1091
f 706//1092 617//1092 552//1092
f 328//1093 334//1093 329//1093
f 4//1094 220//1094 5//1094
f 625//1095 649//1095 632//1095
f 391//1096 234//1096 631//1096
f 265//1097 532//1097 266//1097
f 406//1098 408//1098 664//1098
f 147//1099 612//1099 321//1099
f 255//1100 620//1100 251//1100
f 80//1101 71//1101 307//1101
f 606//1102 225//1102 372//1102
f 368//1103 585//1103 218//1103
f 294//1104 293//1104 275//1104
f 619//1105 600//1105 332//1105
f 112//1106 114//1106 397//1106
f 502//1107 397//1107 114//1107
f 535//1108 352//1108 351//1108
f 535//1109 547//1109 352//1109
f 312//1110 112//1110 203//1110
f 30//1111 197//1111 194//1111
f 30//1112 705//1112 197//1112
f 344//1113 245//1113 345//1113
f 63//1114 647//1114 64//1114
f 456//1115 584//1115 457//1115
f 418//1116 139//1116 363//1116
f 467//1117 676//1117 466//1117
f 385//1118 12//1118 496//1118
f 509//1119 138//1119 537//1119
f 81//1120 109//1120 40//1120
f 93//1121 146//1121 638//1121
f 342//1122 170//1122 563//1122
f 580//1123 5//1123 700//1123
f 685//1124 161//1124 670//1124
f 388//1125 468//1125 389//1125
f 347//1126 107//1126 348//1126
f 238//1127 656//1127 239//1127
f 177//1128 1//1128 176//1128
f 339//1129 263//1129 401//1129
f 63//1130 65//1130 39//1130
f 247//1131 543//1131 248//1131
f 87//1132 78//1132 294//1132
f 403//1133 430//1133 684//1133
f 613//1134 282//1134 519//1134
f 178//1135 687//1135 179//1135
f 531//1136 282//1136 284//1136
f 393//1137 394//1137 664//1137
f 415//1138 653//1138 413//1138
f 608//1139 171//1139 8//1139
f 687//1140 529//1140 489//1140
f 602//1141 408//1141 407//1141
f 136//1142 135//1142 283//1142
f 177//1143 237//1143 1//1143
f 283//1144 629//1144 326//1144
f 121//1145 620//1145 122//1145
f 392//1146 631//1146 354//1146
f 485//1147 394//1147 544//1147
f 251//1148 250//1148 692//1148
f 438//1149 401//1149 204//1149
f 518//1150 704//1150 230//1150
f 431//1151 6//1151 432//1151
f 269//1152 226//1152 680//1152
f 496//1153 498//1153 200//1153
f 145//1154 556//1154 146//1154
f 638//1155 146//1155 82//1155
f 537//1156 304//1156 509//1156
f 589//1157 491//1157 688//1157
f 311//1158 274//1158 229//1158
f 189//1159 188//1159 453//1159
f 367//1160 33//1160 291//1160
f 367//1161 31//1161 33//1161
f 569//1162 277//1162 542//1162
f 469//1163 403//1163 684//1163
f 673//1164 557//1164 674//1164
f 12//1165 527//1165 497//1165
f 329//1166 542//1166 635//1166
f 483//1167 520//1167 187//1167
f 686//1168 591//1168 401//1168
f 53//1169 52//1169 594//1169
f 71//1170 80//1170 79//1170
f 516//1171 515//1171 209//1171
f 660//1172 610//1172 558//1172
f 292//1173 291//1173 425//1173
f 25//1174 379//1174 26//1174
f 384//1175 83//1175 143//1175
f 589//1176 688//1176 312//1176
f 524//1177 349//1177 525//1177
f 317//1178 480//1178 597//1178
f 468//1179 450//1179 440//1179
f 419//1180 470//1180 156//1180
f 557//1181 472//1181 674//1181
f 668//1182 499//1182 465//1182
f 55//1183 44//1183 43//1183
f 348//1184 81//1184 556//1184
f 513//1185 78//1185 569//1185
f 220//1186 567//1186 555//1186
f 567//1187 497//1187 529//1187
f 665//1188 477//1188 466//1188
f 319//1189 688//1189 603//1189
f 12//1190 645//1190 527//1190
f 38//1191 223//1191 634//1191
f 505//1192 230//1192 704//1192
f 143//1193 383//1193 384//1193
f 29//1194 705//1194 30//1194
f 559//1195 558//1195 610//1195
f 105//1196 104//1196 307//1196
f 691//1197 471//1197 473//1197
f 533//1198 691//1198 473//1198
f 99//1199 53//1199 16//1199
f 703//1200 656//1200 698//1200
f 600//1201 662//1201 601//1201
f 109//1202 94//1202 41//1202
f 608//1203 172//1203 171//1203
f 301//1204 460//1204 658//1204
f 301//1205 667//1205 460//1205
f 553//1206 682//1206 511//1206
f 553//1207 630//1207 682//1207
f 137//1208 138//1208 509//1208
f 241//1209 240//1209 357//1209
f 321//1210 378//1210 322//1210
f 502//1211 506//1211 397//1211
f 701//1212 602//1212 96//1212
f 701//1213 447//1213 602//1213
f 110//1214 627//1214 111//1214
f 167//1215 153//1215 475//1215
f 13//1216 251//1216 692//1216
f 668//1217 549//1217 69//1217
f 62//1218 327//1218 211//1218
f 61//1219 471//1219 691//1219
f 389//1220 468//1220 440//1220
f 63//1221 666//1221 665//1221
f 668//1222 69//1222 504//1222
f 105//1223 304//1223 28//1223
f 51//1224 689//1224 431//1224
f 562//1225 563//1225 340//1225
f 3//1226 287//1226 453//1226
f 647//1227 676//1227 648//1227
f 3//1228 148//1228 176//1228
f 700//1229 336//1229 477//1229
f 666//1230 580//1230 477//1230
f 315//1231 581//1231 603//1231
f 220//1232 555//1232 5//1232
f 196//1233 657//1233 194//1233
f 196//1234 693//1234 657//1234
f 185//1235 461//1235 658//1235
f 693//1236 658//1236 657//1236
f 320//1237 409//1237 147//1237
f 492//1238 241//1238 601//1238
f 316//1239 507//1239 690//1239
f 648//1240 382//1240 381//1240
f 131//1241 98//1241 45//1241
f 517//1242 562//1242 683//1242
f 642//1243 454//1243 289//1243
f 668//1244 464//1244 549//1244
f 65//1245 166//1245 165//1245
f 455//1246 700//1246 5//1246
f 359//1247 361//1247 366//1247
f 56//1248 369//1248 371//1248
f 624//1249 269//1249 103//1249
f 462//1250 57//1250 59//1250
f 69//1251 71//1251 504//1251
f 613//1252 136//1252 282//1252
f 410//1253 478//1253 493//1253
f 360//1254 188//1254 32//1254
f 108//1255 94//1255 109//1255
f 254//1256 376//1256 18//1256
f 512//1257 197//1257 29//1257
f 163//1258 637//1258 40//1258
f 349//1259 348//1259 556//1259
f 467//1260 622//1260 382//1260
f 152//1261 595//1261 153//1261
f 406//1262 664//1262 394//1262
f 434//1263 235//1263 234//1263
f 313//1264 76//1264 435//1264
f 202//1265 306//1265 201//1265
f 140//1266 48//1266 249//1266
f 541//1267 373//1267 462//1267
f 695//1268 84//1268 152//1268
f 578//1269 530//1269 539//1269
f 63//1270 665//1270 647//1270
f 278//1271 99//1271 19//1271
f 123//1272 158//1272 160//1272
f 500//1273 569//1273 585//1273
f 591//1274 520//1274 699//1274
f 591//1275 593//1275 520//1275
f 397//1276 573//1276 112//1276
f 672//1277 597//1277 494//1277
f 682//1278 407//1278 490//1278
f 295//1279 157//1279 296//1279
f 524//1280 390//1280 672//1280
f 346//1281 623//1281 344//1281
f 565//1282 244//1282 696//1282
f 332//1283 331//1283 619//1283
f 85//1284 695//1284 58//1284
f 3//1285 176//1285 1//1285
f 579//1286 578//1286 646//1286
f 465//1287 499//1287 456//1287
f 645//1288 651//1288 118//1288
f 356//1289 395//1289 554//1289
f 114//1290 113//1290 507//1290
f 277//1291 276//1291 696//1291
f 427//1292 566//1292 135//1292
f 370//1293 475//1293 574//1293
f 517//1294 458//1294 704//1294
f 503//1295 502//1295 540//1295
f 326//1296 633//1296 284//1296
f 357//1297 601//1297 241//1297
f 405//1298 404//1298 466//1298
f 151//1299 150//1299 551//1299
f 30//1300 605//1300 615//1300
f 352//1301 548//1301 350//1301
f 371//1302 679//1302 650//1302
f 236//1303 653//1303 415//1303
f 286//1304 253//1304 576//1304
f 621//1305 336//1305 455//1305
f 66//1306 309//1306 67//1306
f 189//1307 425//1307 32//1307
f 643//1308 215//1308 528//1308
f 235//1309 313//1309 236//1309
f 489//1310 529//1310 528//1310
f 96//1311 260//1311 701//1311
f 96//1312 261//1312 260//1312
f 436//1313 476//1313 653//1313
f 325//1314 564//1314 565//1314
f 559//1315 610//1315 643//1315
f 380//1316 652//1316 356//1316
f 87//1317 294//1317 275//1317
f 384//1318 84//1318 83//1318
f 240//1319 519//1319 518//1319
f 439//1320 621//1320 455//1320
f 496//1321 12//1321 497//1321
f 585//1322 542//1322 218//1322
f 58//1323 695//1323 268//1323
f 601//1324 357//1324 652//1324
f 106//1325 221//1325 4//1325
f 113//1326 581//1326 690//1326
f 575//1327 322//1327 424//1327
f 534//1328 655//1328 679//1328
f 421//1329 198//1329 221//1329
f 653//1330 124//1330 413//1330
f 479//1331 410//1331 409//1331
f 510//1332 509//1332 324//1332
f 258//1333 641//1333 675//1333
f 50//1334 470//1334 51//1334
f 21//1335 20//1335 463//1335
f 9//1336 523//1336 488//1336
f 691//1337 595//1337 61//1337
f 356//1338 358//1338 395//1338
f 317//1339 597//1339 279//1339
f 612//1340 193//1340 321//1340
f 646//1341 578//1341 539//1341
f 237//1342 239//1342 253//1342
f 525//1343 434//1343 390//1343
f 324//1344 105//1344 307//1344
f 653//1345 476//1345 210//1345
f 562//1346 264//1346 563//1346
f 161//1347 685//1347 516//1347
f 296//1348 673//1348 163//1348
f 569//1349 86//1349 277//1349
f 347//1350 108//1350 107//1350
f 636//1351 168//1351 55//1351
f 479//1352 478//1352 410//1352
f 557//1353 473//1353 472//1353
f 566//1354 449//1354 629//1354
f 257//1355 219//1355 329//1355
f 35//1356 583//1356 122//1356
f 76//1357 150//1357 149//1357
f 368//1358 218//1358 311//1358
f 512//1359 537//1359 538//1359
f 412//1360 411//1360 538//1360
f 412//1361 538//1361 526//1361
f 385//1362 496//1362 200//1362
f 523//1363 246//1363 396//1363
f 470//1364 419//1364 689//1364
f 505//1365 704//1365 458//1365
f 698//1366 177//1366 703//1366
f 136//1367 283//1367 282//1367
f 281//1368 365//1368 120//1368
f 428//1369 405//1369 441//1369
f 179//1370 245//1370 344//1370
f 654//1371 226//1371 228//1371
f 650//1372 655//1372 296//1372
f 603//1373 688//1373 491//1373
f 264//1374 191//1374 563//1374
f 374//1375 53//1375 594//1375
f 369//1376 56//1376 55//1376
f 141//1377 225//1377 606//1377
f 273//1378 358//1378 402//1378
f 350//1379 302//1379 400//1379
f 350//1380 303//1380 302//1380
f 111//1381 627//1381 213//1381
f 331//1382 257//1382 576//1382
f 618//1383 185//1383 233//1383
f 618//1384 183//1384 185//1384
f 505//1385 457//1385 231//1385
f 142//1386 671//1386 207//1386
f 65//1387 325//1387 166//1387
f 495//1388 591//1388 699//1388
f 607//1389 630//1389 97//1389
f 591//1390 686//1390 592//1390
f 616//1391 592//1391 686//1391
f 187//1392 482//1392 483//1392
f 187//1393 707//1393 482//1393
f 186//1394 707//1394 187//1394
f 263//1395 686//1395 401//1395
f 617//1396 706//1396 618//1396
f 186//1397 183//1397 707//1397
f 443//1398 445//1398 586//1398
f 482//1399 618//1399 484//1399
f 482//1400 183//1400 618//1400
f 702//1401 618//1401 706//1401
f 702//1402 678//1402 618//1402
f 446//1398 586//1398 445//1398
f 446//1403 618//1403 586//1403
f 707//1398 183//1398 482//1398
f 587//1404 678//1404 677//1404
f 587//1405 618//1405 678//1405
f 587//1406 586//1406 618//1406
f 484//1407 618//1407 446//1407
# Vertices: 707, normals: 1407, texture coordinates: 0, faces: 1410

